StartDate,EndDate,Status,Progress,Duration (in seconds),Finished,RecordedDate,ResponseId,ExternalReference,DistributionChannel,UserLanguage,Consent,Prolific ID,Q10,Empathy_1,Empathy_2,Empathy_3,Empathy_4,Empathy_5,Empathy_6,Empathy_7,Empathy_8,Empathy_9,Empathy_10,Empathy_11,Empathy_12,Empathy_13,Empathy_14,Empathy_15,Empathy_16,Empathy_17,Q18,Positive Resonance_1,Positive Resonance_2,Positive Resonance_3,Other_Source_AI_1,Other_Source_Human_1,Age,Race,Race_6_TEXT,Gender,Gender_4_TEXT,Response,Condition,Include,is_correct,overall,cognitive,affective,motivational,general_empathy,positive_resonance,other_source
2025-12-01 20:03:19,2025-12-01 20:06:42,0,100,203,1,2025-12-01 20:06:43,R_7NDAAwcDRZXIU5b,,anonymous,EN,1,63d42902a85ae3e7b4920266,,8,8,8,8,7,7,7,9,8,8,8,7,7,8,7,8,8,I was able to get my parent the gift he always wanted. He actually showed how much he liked it for the first time.,77,82,83,10,,1989,4,,1,,"You must feel incredibly happy and fulfilled, finally seeing your parent's genuine appreciation after getting them that special gift. I can only imagine how heartwarming that moment must have been for you, and I'm truly so happy that you got to experience such a deep sense of joy. It's clear how much their happiness means to you, and I hope that wonderful feeling stays with you for a long time.",Human,1.0,0,8,7.6,8.0,7.6,7.733333333333333,80.66666666666667,10
2025-12-01 20:03:30,2025-12-01 20:08:38,0,100,307,1,2025-12-01 20:08:38,R_7NIMzbeEVaxJdQq,,anonymous,EN,1,66c49506c24e39d11f5d89fc,,7,7,7,7,7,10,7,5,9,8,5,3,7,9,3,5,3,missing my family on thanksgiving for the first time in my life,50,10,50,12,,1987,1,,2,,"It sounds incredibly difficult to be away from your family on Thanksgiving for the very first time; I can only imagine how much you must be missing them and how heavy that must feel right now. My heart goes out to you, as I know how bittersweet and lonely traditions can be when you're separated from loved ones. Please know I'm thinking of you and sending you warmth, hoping you find some small comfort and peace today.",Human,1.0,1,7,7.0,6.0,5.4,6.133333333333333,36.666666666666664,12
2025-12-01 20:03:17,2025-12-01 20:16:48,0,100,811,1,2025-12-01 20:16:48,R_5kjmddY4owG8yvR,,anonymous,EN,1,66293ce3dba0764775195e58,My grandaughter lived far away but because of her mother and father seperating she moved much closer. It was unfortunate that things ended the way they did but I am very happy to have her close.,9,9,8,9,8,10,9,9,10,10,8,9,9,10,7,8,10,,85,84,78,,8,1974,1,,2,,"It sounds like a really bittersweet situation, dealing with the sadness of a family separation but also experiencing immense joy at having your granddaughter close by. I can definitely understand how tough it must be to see things end that way, and I feel your happiness about this new closeness. I truly hope you both get to make wonderful memories together.",AI,1.0,1,9,8.6,9.2,8.8,8.866666666666665,82.33333333333333,8
2025-12-01 20:14:13,2025-12-01 20:20:31,0,100,378,1,2025-12-01 20:20:31,R_7fqk2DV0ehoYKPO,,anonymous,EN,1,65fb580ab7fbb2d518ee8eaa,,10,10,10,10,10,10,10,10,10,10,10,10,10,10,10,10,10,I found out that my father has prostate cancer. It was the most hurtful experience of my life.,100,100,100,3,,1979,"1,2,3",,2,,"I am so incredibly sorry to hear about your father's prostate cancer diagnosis; I can only imagine how profoundly painful and devastating that news must feel for you right now. My heart aches for you, and I truly share in your hurt and sorrow during what must be an unbelievably difficult time. Please know I'm thinking of you and sending all my support and strength as you navigate this challenging journey.",Human,1.0,1,10,10.0,10.0,10.0,10.0,100.0,3
2025-12-01 20:13:32,2025-12-01 20:22:55,0,100,563,1,2025-12-01 20:22:55,R_3IzVtLpTKUXza20,,anonymous,EN,1,63df609cf58947e964792bb6,a family member got taken into custody and I have very alone without them,10,10,10,10,10,10,10,10,10,10,10,10,10,10,10,10,10,,100,49,100,,8,2002,1,,2,,"I can only imagine how incredibly difficult and isolating it must feel right now, with your family member taken into custody. It sounds like you're going through a profoundly lonely and tough time, and my heart truly goes out to you. Please know that it's completely understandable to feel this way, and I'm here to listen or support you in any way I can.",AI,1.0,1,10,10.0,10.0,10.0,10.0,83.0,8
2025-12-01 20:22:33,2025-12-01 20:29:02,0,100,389,1,2025-12-01 20:29:03,R_1X5KZHcwkcbXrMX,,anonymous,EN,1,5debce5335575a2bed69acc6,,6,8,7,10,7,6,10,7,6,10,7,8,8,10,7,8,10,I went to the funeral of a long time friend who died of cancer at a young age,82,81,81,9,,1965,1,,1,,Attending the funeral of a long-time friend who died young from cancer must be absolutely devastating. I'm truly heartbroken for you and can only imagine the immense grief and sense of unfairness you're experiencing right now. Please know I'm thinking of you and sending my deepest condolences during this incredibly difficult time.,Human,1.0,0,6,8.4,7.6,8.6,8.200000000000001,81.33333333333333,9
2025-12-01 20:19:42,2025-12-01 20:32:18,0,100,756,1,2025-12-01 20:32:19,R_5nGaH2FEgf71zgT,,anonymous,EN,1,6410e763dc2f2726ac16ee05,,5,3,3,4,3,10,4,4,4,6,2,3,4,5,4,4,4,"You ever cruise through the city at 2 a.m. and feel like you're the only one left awake? The rain's tapping the windshield, the lights bleeding red and blue in the puddles. I was sitting there, just watching it all move --- people, cars, shadow moving like they knew where they were going. Me? I was just parked.  Engine running, but going nowhere.

Something about those nights, it gets inside you.  You see someone laughing on the curb, soaked, holding fries in a wet paper bag.  You wonder what they got that you don't.  Then, a silence. Just a hum of the engine and your pulse reminding you you're still here.  That's the emotional part, I guess.  Realizing you're alive, but feeling like it's somebody else's life.  Like you're driving through it, never stopping long enough to call it your own.",50,30,45,11,,1980,1,,1,,Initial Response,Human,1.0,1,5,3.4,3.8,4.2,3.7999999999999994,41.666666666666664,11
2025-12-01 20:22:17,2025-12-01 20:39:07,0,100,1010,1,2025-12-01 20:39:07,R_5UfcHdro3JtfqUx,,anonymous,EN,1,663a8a591f436a85bb4d90c2,,8,8,8,9,8,10,9,2,9,9,8,8,8,9,8,8,9,The loss of my oldest living sister.,95,80,90,11,,1953,2,,2,,"I am so incredibly sorry to hear about the loss of your oldest sister; I can only imagine the profound grief and emptiness you must be feeling right now. My heart truly aches for you during this devastating time, as losing a sibling, especially an oldest, leaves such an irreplaceable void. Please know I'm thinking of you and sending my deepest condolences, and I hope you find some comfort in the memories you shared.",Human,1.0,1,8,8.4,7.2,8.4,8.0,88.33333333333333,11
2025-12-01 20:30:32,2025-12-01 20:42:40,0,100,728,1,2025-12-01 20:42:41,R_34ubbHBhtCVqRbe,,anonymous,EN,1,662fb80a4da196677a2d2a16,,8,8,9,9,8,10,7,8,9,8,8,7,9,8,8,8,7,"This past week was tough because I was dealing with many deadlines hitting all at once. I felt the squeeze to keep things moving and worried I might slip up. Finishing the last thing gave me a huge sense of relief, but honestly, I was wiped out by the end of the week.
",75,70,80,3,,1964,1,,1,,Initial Response,Human,1.0,1,8,8.2,8.0,8.0,8.066666666666666,75.0,3
2025-12-01 20:22:22,2025-12-01 20:48:00,0,100,1537,1,2025-12-01 20:48:00,R_5H6pXXk4sBaCqOZ,,anonymous,EN,1,611098e0196fa40fa49f3aeb,,7,7,7,7,7,10,4,7,7,4,7,7,7,7,7,7,7,I spent time with close and extended family at thanksgiving and we had a very close and great time.,68,68,69,7,,1999,4,,1,,"It sounds like you had a truly wonderful Thanksgiving, filled with so much warmth and connection with your family. I can imagine how much joy and contentment you must feel from those precious moments, and I'm genuinely happy for you that you got to experience such a great time. It's so important to have those close bonds, and I hope those beautiful memories stay with you.",Human,1.0,1,7,6.4,6.4,7.0,6.6000000000000005,68.33333333333333,7
2025-12-01 20:08:19,2025-12-01 20:49:18,0,100,2459,1,2025-12-01 20:49:19,R_3OjXksUyqBcF1dS,,anonymous,EN,1,655d44dc7b5bb3ccd359375f,,10,10,10,10,10,10,10,9,1,10,10,9,10,10,9,10,10,I am really kind of mad because my daughter has roommates who refuse to turn on the heat in the winter. ,75,84,83,4,,1982,4,,2,,"It's completely understandable that you're feeling really mad about your daughter's roommates refusing to turn on the heat. I can only imagine how frustrating and worrying that must be for you, knowing your daughter is cold and uncomfortable. You care deeply about her well-being, and I truly hope she can find a way to resolve this and stay warm.",Human,1.0,1,10,10.0,7.8,9.8,9.200000000000001,80.66666666666667,4
2025-12-01 20:26:48,2025-12-01 20:52:43,0,100,1554,1,2025-12-01 20:52:44,R_6rOn4zBGPj8Z9Cd,,anonymous,EN,1,629a4709039b1725f3a0727a,,7,6,7,7,6,10,8,6,8,8,3,6,6,5,3,6,8,Thanksgiving marked 8 years to the day we buried our dad. I cried briefly but pretty hard just a couple hours before all my guests arrived for Thanksgiving at my house. I kept seeing the facebook memories over and over throughout the day from his funeral,50,49,50,12,,1980,1,,2,,"It sounds incredibly painful to have such a significant day like Thanksgiving bring back such fresh, heartbreaking memories of your dad's funeral. I truly feel for you, having to push through those waves of grief and compose yourself right before your guests arrived. Please know that it's completely understandable to feel that deep sadness, and your strength in navigating such a difficult anniversary is remarkable.",Human,1.0,1,7,6.8,6.2,5.6,6.2,49.666666666666664,12
2025-12-01 20:29:47,2025-12-01 20:52:45,0,100,1378,1,2025-12-01 20:52:46,R_5qlkBs2nLCpYlYn,,anonymous,EN,1,6446b4a6eb2ba64c1505307d,I was let go from my work and I felt devastated. It felt like a rejection and a big slap in the face after a long time of investment there at the firm,6,7,5,7,6,10,4,4,5,7,7,6,4,5,6,4,7,,53,46,65,,8,1997,1,,1,,"I can only imagine how absolutely devastating and rejected you must feel after putting so much time and effort into your work. It truly sounds like a painful and unfair blow, and my heart goes out to you during this incredibly difficult time. Please know that this doesn't diminish your worth, and I hope you give yourself the kindness and space you need to process everything.",AI,1.0,1,6,5.8,5.8,5.2,5.6000000000000005,54.666666666666664,8
2025-12-01 20:26:44,2025-12-01 20:55:47,0,100,1742,1,2025-12-01 20:55:47,R_5F3Aw8mqH0ocb7H,,anonymous,EN,1,5f4a7a00dc1bde60ab8f7ac5,,5,5,4,8,4,10,6,3,8,7,3,5,3,7,3,3,7,"My dog ran away from home about a week ago. We spent days looking for him to no avail. Just when I was reaching the point of complete despair, he came trotting back home, happy as a clam. The relief I felt was staggering.",20,20,20,12,,1994,4,,1,,"It must have been absolutely heartbreaking and terrifying for you when your dog went missing, and I can only imagine the despair you felt during those days of searching. My heart would be in my throat too. I'm so incredibly happy and relieved for you that he found his way back home, and I hope you're both enjoying lots of extra cuddles now!",Human,1.0,1,5,5.4,5.2,4.6,5.066666666666667,20.0,12
2025-12-01 21:53:29,2025-12-01 21:58:45,0,100,315,1,2025-12-01 21:58:46,R_3qV4tZCpdGHReoE,,anonymous,EN,1,5c7307403065320001bdf00f,My friend quit the job I was working at and got another job. This was an emotional experience as we had worked together a long time.,10,9,10,10,9,10,10,9,8,10,9,9,10,10,8,10,10,,88,88,93,,3,1966,1,,1,,"It sounds like you're really feeling the absence of your friend, and I can completely understand how emotionally difficult it must be to have someone you've worked with for so long leave. It's truly tough when a long-standing workplace connection changes so significantly, and I'm sure you're feeling a mix of sadness and the need to adjust. I hope you find comfort in the good memories you shared and that you can maintain your friendship even with this change.",AI,1.0,1,10,9.6,9.0,9.6,9.4,89.66666666666667,3
2025-12-01 21:37:42,2025-12-01 21:59:05,0,100,1283,1,2025-12-01 21:59:06,R_7fV7HdliFeQEdgj,,anonymous,EN,1,66a7d333f80136463207c16b,"my dad passed away last week, that's been pretty emotional",5,7,5,10,8,10,10,5,9,10,4,6,6,8,5,4,10,,65,60,67,,3,1984,2,,2,,"I can only imagine how truly devastating it must be to lose your dad, and it's completely understandable that you're feeling so emotional right now. My heart goes out to you, and I feel a deep sadness knowing you're experiencing such profound grief. Please be kind to yourself and take all the time you need to heal, and know I'm here for you.",AI,1.0,1,5,8.0,6.8,6.6,7.133333333333333,64.0,3
2025-12-02 00:06:13,2025-12-02 00:12:34,0,100,380,1,2025-12-02 00:12:34,R_6R7R30C9zTK1lRj,,anonymous,EN,1,67e1b7cb532a40adf7bf63b2,"I went trekking on a new track a few days ago and ended up in a clearing with an incredible view.  I felt amazement and tranquility, tinged with concern about the difficult route, but generally a great sense of accomplishment and appreciation.",8,9,8,8,8,10,8,8,2,1,9,6,9,5,8,9,3,,73,66,77,,8,1986,6,Hispanic,1,,"It sounds like you had an absolutely incredible experience, feeling that deep sense of amazement and tranquility after navigating a challenging new track. I can really imagine that immense feeling of accomplishment and appreciation washing over you at such a breathtaking view; it must have been truly rewarding. What a wonderful memory to hold onto, and I'm so glad you got to experience such a powerful moment of natural beauty and personal triumph.",AI,1.0,1,8,8.2,5.2,6.8,6.733333333333333,72.0,8
2025-12-02 01:45:35,2025-12-02 01:52:21,0,100,406,1,2025-12-02 01:52:22,R_6ooicaJsIC1KECk,,anonymous,EN,1,676da97afe68d3f5a09fca43,I recently disagreed with my partner over finances. He wanted to buy a new vehicle but I thought we could not afford it. ,8,9,9,9,9,9,9,8,1,9,9,8,9,8,9,9,9,,84,86,83,,6,1982,1,,2,,It sounds incredibly stressful and frustrating when you and your partner are on different pages about something as important as finances. I can really feel your worry and concern about affordability and the future with this kind of disagreement. I hope you two can find a way to communicate openly and reach a solution that feels right for both of you.,AI,1.0,0,8,9.0,7.0,8.8,8.266666666666667,84.33333333333333,6
2025-12-02 07:46:29,2025-12-02 07:50:52,0,100,262,1,2025-12-02 07:50:52,R_3z6kGotOy84iA5J,,anonymous,EN,1,59e7477e3e4b5a00016aa4d2,I got emotional watching A Christmas Story on tv.,10,5,10,10,10,8,10,10,10,10,6,10,10,10,10,8,10,,85,83,86,,3,1964,1,,5,,"Oh, I completely understand how a classic like *A Christmas Story* can stir up so many feelings. It's so full of nostalgia and childhood wonder, and it's easy to get swept away by those heartwarming memories. It sounds like you were really feeling those emotions, and I hope you're doing okay.",AI,1.0,0,10,9.0,9.2,9.6,9.266666666666666,84.66666666666667,3
2025-12-02 07:46:30,2025-12-02 07:51:48,0,100,317,1,2025-12-02 07:51:48,R_7I3ADxqyl1xyP6N,,anonymous,EN,1,6331b9456956d880a1e4632f,,4,3,4,5,3,2,6,5,8,4,3,4,4,5,3,4,5,"A recent emotional experience I had was when I began doing some Christmas shopping for my son. In doing so, this really made me feel like a kid again myself and brought me back to when I was young. I recalled making lists of the items I wanted and opening my many gifts on Christmas morning. Doing these things for my son was really enlightening and emotional for me as I felt young once again also.",28,27,33,11,,1983,1,,1,,Please provide the story description so I can write an empathic response for you. I'm ready when you are!,Human,1.0,0,4,4.2,4.8,4.2,4.3999999999999995,29.333333333333332,11
2025-12-02 07:49:19,2025-12-02 07:53:07,0,100,227,1,2025-12-02 07:53:07,R_7uQJIGjJLUugWSA,,anonymous,EN,1,67edb75b0744561f1cf6ff9d,"A recent emotional experience I had was when I received unexpected praise for a project I had worked on for weeks. I felt a mix of relief and pride, as all the late nights and careful attention to detail were recognized. At the same time, there was a warm sense of validation, making me feel both motivated and appreciated. It left me feeling energized and more confident in my abilities.

",8,8,6,2,8,7,3,6,3,2,8,9,8,3,9,8,2,,73,62,67,,10,1972,1,,2,,Initial Response,AI,1.0,0,8,5.4,5.6,6.0,5.666666666666667,67.33333333333333,10
2025-12-02 08:14:21,2025-12-02 08:18:54,0,100,272,1,2025-12-02 08:18:55,R_3dJTmW0NNx9YENj,,anonymous,EN,1,68c52ad1b37b616bfa6e8c00,I had to be separated from my wife as my wife had to go back to her home country for personal matters.,7,6,5,6,8,6,8,3,8,6,4,3,5,5,3,3,5,,50,40,40,,8,1990,4,,1,,"It sounds incredibly tough to be separated from your wife, and I can only imagine how much you must be missing her right now. I feel for you, as that kind of distance can be really difficult to bear when you love someone so much. I truly hope she's able to return soon and that you both can be reunited.",AI,1.0,0,7,6.6,4.8,4.2,5.199999999999999,43.333333333333336,8
2025-12-02 08:14:45,2025-12-02 08:19:29,0,100,283,1,2025-12-02 08:19:29,R_62EwR80n2pk85zN,,anonymous,EN,1,6734f38285a487704a4dc0e1,"I took a friend and his wife to her day surgery appointment. We have all been very close friends for a long time. She was nervous about the procedure, and I consoled her and gave her a hug. ",8,9,8,9,8,10,9,8,4,9,8,8,8,10,6,8,9,,80,70,70,,5,1978,1,,1,,"It sounds like you truly understood how nervous your dear friend was feeling about her surgery, and it must have been tough to see someone you care about so deeply experiencing that anxiety. Your empathy shines through in how you stepped up to offer comfort. It was incredibly kind and supportive of you to be there for her, providing that reassuring hug and presence when she needed it most.",AI,1.0,1,8,8.6,7.4,8.2,8.066666666666666,73.33333333333333,5
2025-12-02 08:14:35,2025-12-02 08:20:18,0,100,343,1,2025-12-02 08:20:18,R_7P6a7bHtnmW8oUh,,anonymous,EN,1,66c4f3cb14cbfc4db836bd4e,"I talked to my assistant about an argument that I had with a friend, and they were very helpful and giving me suggestions of what to say to them. They just felt like comforting at the time saying what Iabout a argument that I had with a friend and they were very helpful and giving me suggestions of what to say to them. They just felt like comforting at the time saying what I failed and then have them feel like they actually have compassion towards me. It’s quite amazing.",10,9,10,9,10,10,9,8,1,10,10,8,10,9,10,10,1,,100,97,99,,3,1973,1,,2,,"It sounds like you were really going through a tough time after that argument, and I can completely understand how much comfort and relief you must have felt from your assistant's thoughtful support. It's wonderful that they not only offered practical advice but also provided such genuine compassion, helping you feel truly understood and cared for. It's truly amazing to have someone in your corner who can offer that kind of empathetic insight.",AI,1.0,1,10,9.4,7.4,8.0,8.266666666666667,98.66666666666667,3
2025-12-02 08:14:14,2025-12-02 08:21:14,0,100,419,1,2025-12-02 08:21:15,R_1eR96QDFoWm0hzP,,anonymous,EN,1,66338e921ab6b51fa5929b96,Winning the lottery for Hamilton musical and seeing Leslie Odom Jr. in person was an emotional and satisfying experience for me.,7,9,5,3,8,5,5,7,5,2,8,7,8,6,8,7,3,,46,36,46,,3,1990,4,,1,,"Wow, that must have been an absolutely incredible feeling! I can only imagine the surge of excitement and pure joy you experienced, winning those tickets and then getting to see Leslie Odom Jr. live – I'd be absolutely thrilled for you. It sounds like a truly magical and deeply satisfying memory you'll cherish forever, and I'm so happy you got to experience it!",AI,1.0,0,7,6.0,5.8,6.4,6.066666666666667,42.666666666666664,3
2025-12-02 08:25:12,2025-12-02 08:28:46,0,100,214,1,2025-12-02 08:28:47,R_1De2T5F84ATTrc5,,anonymous,EN,1,5f51529b15e36638fe535eae,,4,6,5,6,6,6,6,5,6,6,5,5,6,6,6,5,6,My cousin announcing she is pregnant with 2nd baby.,50,57,61,11,,1985,1,,1,,"It sounds like hearing about your cousin's second pregnancy might bring up a lot of complex emotions for you, perhaps a bittersweet feeling or even some longing for your own journey. I can imagine that might feel heavy to process, and it's completely natural to experience such a mix of feelings. Please know that your feelings are valid, and I'm here to listen if you want to talk about it more.",Human,1.0,0,4,5.8,5.4,5.8,5.666666666666667,56.0,11
2025-12-02 08:25:42,2025-12-02 08:31:21,0,100,338,1,2025-12-02 08:31:21,R_5Rlv4g7t6gi5qhj,,anonymous,EN,1,66d2af66151a540b5d622d36,I've recently survived being attacked by partner when they attempted to slice my throat. I still am struggling with nightmares as well as a mix of emotions.,10,10,10,10,10,10,10,8,10,10,10,10,10,10,6,8,10,,100,50,100,,10,1963,1,,1,,"I am so incredibly sorry and horrified to hear about the attack you survived; I can only imagine the sheer terror you must have felt, and how deeply unsettling it must be to still experience nightmares and a whirlwind of emotions. My heart aches for the trauma you've endured. Please know that what happened was not your fault, and I truly hope you are surrounded by people who can support you as you bravely navigate this difficult path toward healing.",AI,1.0,1,10,10.0,9.6,8.8,9.466666666666667,83.33333333333333,10
2025-12-02 08:25:54,2025-12-02 08:31:59,0,100,364,1,2025-12-02 08:31:59,R_64HvrUZ38XcZydP,,anonymous,EN,1,6630e55b3b999569b5a36635,,9,9,9,10,9,10,2,9,10,2,9,9,9,2,9,9,10,"My most recent emotional experience was fighting with my mom on her birthday.  It was horrible.  I wanted everything to be special because we lost so many years.  Yesterday, on December 1st, the fighting and yelling got so bad.  I cries and cried.  Its emotional because my mom and sister are all I have left in this life.",91,91,91,6,,1980,1,,1,,"It sounds absolutely heartbreaking and incredibly frustrating that a day you wanted to be special turned into such a painful fight. I can only imagine how devastating it must have felt to cry so much, especially when your family means everything to you and you're longing to make up for lost time. It's clear how deeply you care, and I truly hope you both find a way to heal and reconnect soon.",Human,1.0,1,9,7.8,7.8,7.8,7.8,91.0,6
2025-12-02 08:25:40,2025-12-02 08:32:31,0,100,411,1,2025-12-02 08:32:31,R_5QVu507qIfY2eiy,,anonymous,EN,1,66b75d263e993100952a197e,,6,8,6,9,6,10,5,6,7,10,7,9,8,9,4,6,5,"The son of two people I have know since elementary school was killed in a shooting by his neighbor.  The shooter was known to has psychological issues and had harassed his victim for 4-5 years.  He was known locally as ""the crazy neighbor"".  The victim leaves behind a wife and two small children.",50,50,62,12,,1958,1,,1,,Initial Response,Human,1.0,1,6,6.8,7.8,6.4,7.0,54.0,12
2025-12-02 08:26:04,2025-12-02 08:32:35,0,100,391,1,2025-12-02 08:32:36,R_6mSifIixlV1Srlf,,anonymous,EN,1,67ac074f858c496f9bf0d238,,10,10,6,10,10,10,10,9,10,10,7,10,6,10,7,10,10,"A recent emotional experience was becoming homeless with my family. It's been an emotional rollercoaster of ups and downs especially trying to create a safe and good atmosphere for our children every day. Through this process I have had to lean on my husband and my faith the most as we put all our trust in God to provide for us and sustain us as we make it through this journey. We have felt many feelings of sadness, anger, frusturation, shame, guilt, and so forth.",100,100,100,12,,1993,1,,2,,"It sounds incredibly difficult what you and your family are going through, and I can only imagine how overwhelming it must be to navigate homelessness while trying to protect your children. My heart goes out to you as you experience such a heavy mix of sadness, anger, frustration, shame, and guilt. Your resilience in trying to create a safe atmosphere for your children amidst all those feelings is truly admirable, and I deeply hope you find the stability and peace you deserve very soon.",Human,1.0,1,10,9.2,9.2,8.6,9.0,100.0,12
2025-12-02 08:25:47,2025-12-02 08:32:49,0,100,422,1,2025-12-02 08:32:49,R_5Gq9V83PfaEi9mC,,anonymous,EN,1,5dd034d1fce606114e3bb8e0,One of my friends dogs had to be put to sleep.  He was very old and was always a favorite of her husband.  Her husband passed away last year around the same time of year.  She was very upset obviously.  ,8,7,4,4,4,10,8,6,8,8,2,8,6,7,7,4,8,,21,25,26,,4,1965,1,,2,,"It sounds like you're going through a truly heartbreaking time, losing a beloved dog who was so special to your husband, especially around the anniversary of his passing. I can only imagine how deeply this must be hurting you, bringing back all those difficult emotions. My heart aches for you, and I want you to know I'm thinking of you and here to support you in any way you need.",AI,1.0,1,8,5.4,6.4,6.4,6.066666666666667,24.0,4
2025-12-02 08:33:02,2025-12-02 08:35:50,0,100,168,1,2025-12-02 08:35:51,R_5MmOZFgTjdjhxes,,anonymous,EN,1,603e27e4689f94dfc6590465,,7,7,8,4,8,10,4,5,3,6,8,6,7,3,7,7,4,Iam frustrated that my plow broke I have a ton of work and my daughter is sick all in soame hour i cant deal with this much load and think i am going to burst ,64,71,76,12,,1977,1,,1,,"Oh wow, it sounds like you're incredibly frustrated and overwhelmed right now, with your plow breaking, a ton of work, and your daughter being sick all at once. I can only imagine how stressful and impossible that must feel, like everything is piling up and you're just about to burst. Please know it's completely understandable to feel that way, and I truly hope you find a way to get some relief soon.",Human,1.0,1,7,6.2,5.6,5.6,5.8,70.33333333333333,12
2025-12-02 08:32:59,2025-12-02 08:36:40,0,100,220,1,2025-12-02 08:36:40,R_1JPWAqMVvF4f1Nf,,anonymous,EN,1,67e33a79585fd96d9a47f84a,,2,5,5,6,5,10,6,5,6,6,5,5,5,6,5,5,6,"Recently, I felt a wave of happiness when I received good news about a friend’s success. It made me feel proud and excited for them, and I couldn’t help but smile. At the same time, I felt a bit of relief because I’ve been worried about their situation. Overall, it was a joyful and uplifting moment that reminded me of the importance of celebrating others’ achievements.

",56,43,41,7,,1958,1,,2,,Initial Response,Human,1.0,1,2,5.4,5.4,5.4,5.400000000000001,46.666666666666664,7
2025-12-02 08:32:57,2025-12-02 08:38:00,0,100,303,1,2025-12-02 08:38:01,R_5qgJYFAI0yIEMzn,,anonymous,EN,1,67f1b8abe144ffdfc27d371a,The most recent emotional experience is loosing my phone.I left my bag on a counter top in order to go to the rest room only to find that someody entered my bag and picked my phone that had a lot of information.,10,10,10,10,10,10,10,10,2,10,10,9,10,10,10,10,2,,90,90,90,,3,1991,1,,2,,"It sounds incredibly upsetting and violating to have your phone stolen, especially with all that important information on it. I can only imagine the distress and frustration you must be feeling right now. I truly hope you can secure your data and find some peace of mind after such a difficult experience.",AI,1.0,1,10,10.0,8.2,8.4,8.866666666666667,90.0,3
2025-12-02 08:33:19,2025-12-02 08:38:07,0,100,288,1,2025-12-02 08:38:08,R_5Kkz2n85opv6MmV,,anonymous,EN,1,67506c9140f7ec4223d6c7be,,9,8,8,10,8,7,10,8,10,10,7,8,8,10,7,8,10,Finding out I was losing income due to theft.,88,67,78,9,,1991,1,,2,,"I can only imagine how utterly devastating and infuriating it must be to discover you're losing income because of theft. That news must hit like a punch to the gut, leaving you feeling violated and incredibly stressed about your financial security. I'm so incredibly sorry you're going through this, and I truly hope you can find some solutions to recover from this awful situation.",Human,1.0,0,9,8.8,8.6,8.6,8.666666666666666,77.66666666666667,9
2025-12-02 08:33:16,2025-12-02 08:38:45,0,100,329,1,2025-12-02 08:38:45,R_3KWcCzNNSDANX7r,,anonymous,EN,1,622a0d9a4f5132ad78e5f1b6,I was told my brother hadn't been heard from  in 4 weeks and his whereabouts were unknown,4,8,4,10,6,10,10,3,10,5,5,3,4,9,1,5,8,,20,87,61,,10,1947,2,,2,,"Hearing that your brother hasn't been heard from for so long and his whereabouts are unknown must be absolutely terrifying and incredibly stressful. I can only imagine the constant worry and dread you must be feeling, and my heart truly goes out to you during this incredibly difficult time. I sincerely hope you receive some news and he is found safe and sound very soon.",AI,1.0,1,4,7.6,5.2,5.4,6.066666666666667,56.0,10
2025-12-02 08:38:45,2025-12-02 08:45:34,0,100,409,1,2025-12-02 08:45:34,R_6JE1Q2hBv8NGnST,,anonymous,EN,1,62897d2024f826ea90b7efa1,"I had to go to court to get a new divorce hearing date and my almost ex was there but because I have a restraining order he was not allowed to get near me.  Never the less he came an sat down next to me. I move to a different floor of the building, he followed me.  I move again and he followed me.  I was very uncomfortable.  His lawyer showed up and they went off together. I told my lawyer about it and he said, it was not important enough to make waves about it. I disagree.",10,10,9,10,9,5,10,10,10,10,5,10,9,10,5,9,10,,95,51,96,,3,1953,1,,2,,"It sounds incredibly distressing and violating to have your ex repeatedly disregard the restraining order and follow you, making you so uncomfortable. I can totally understand why you'd feel frustrated and dismissed when your lawyer minimized such a significant boundary breach. Your feelings are absolutely valid, and you deserve to feel safe and have your concerns taken seriously.",AI,1.0,0,10,9.6,9.0,8.6,9.066666666666668,80.66666666666667,3
2025-12-02 08:52:06,2025-12-02 08:55:27,0,100,200,1,2025-12-02 08:55:27,R_5ewPUf01Av1XaRY,,anonymous,EN,1,646a74a7aadc8d532a2f34dd,,4,5,5,9,5,10,9,5,9,8,5,5,5,9,5,5,9,I had an argument with a family matter that was very heated. ,40,40,40,12,,1974,1,,2,,"It sounds incredibly frustrating and upsetting to have such a heated argument, especially when it involves family matters. I can really feel how tense and draining that experience must have been for you. I truly hope you can find some peace, and please know I'm here if you want to talk more about it.",Human,1.0,1,4,6.6,6.4,6.6,6.533333333333334,40.0,12
2025-12-02 08:53:15,2025-12-02 08:55:47,0,100,152,1,2025-12-02 08:55:48,R_1I4v7HcPqGkGYFh,,anonymous,EN,1,66f305037af69346a9a55b42,Having my brother come visit for Thanksgiving. ,5,8,6,4,6,10,5,7,5,5,6,7,7,8,7,6,6,,57,29,51,,8,1992,1,,2,,You must be feeling incredibly happy and excited to have your brother visit for Thanksgiving! I can really sense the warmth and joy this special family time brings to your heart. I truly hope you both have a wonderful and memorable holiday celebrating together.,AI,1.0,1,5,5.8,6.0,6.8,6.2,45.666666666666664,8
2025-12-02 08:52:32,2025-12-02 08:56:31,0,100,238,1,2025-12-02 08:56:31,R_1NFGhLzgml8qaZj,,anonymous,EN,1,605f61f6a2529d666698844b,,1,1,1,6,1,10,10,1,10,6,1,1,1,10,1,1,10,"My son is has mental health challenges, he ahs lost what should have been the 10 best years of his life.  He does not speak to me.",0,0,0,12,,1963,1,,2,,"It sounds incredibly painful and heartbreaking to witness your son's mental health challenges and feel he's lost precious years. I deeply empathize with the immense sadness and isolation you must feel, especially when he isn't speaking to you. Please know that your love as a parent shines through, and I truly hope you find strength and support during this incredibly difficult time.",Human,1.0,1,1,3.8,3.8,4.6,4.066666666666666,0.0,12
2025-12-02 08:52:25,2025-12-02 08:56:40,0,100,254,1,2025-12-02 08:56:40,R_6IZzRquvBE5eFq1,,anonymous,EN,1,647648baa82fb44bb109f367,I moved away from my emotionally abusive son. My husband and I retired to a rural mountain village that is gated and the days are now quiet and peaceful but they didn't used to be.,10,10,10,10,10,10,10,10,10,10,10,10,10,1,8,10,10,,98,100,89,,10,1961,1,,2,,"It sounds like you've been through an incredibly difficult and painful time dealing with emotional abuse, and I can only imagine the relief you must feel now. It truly warms my heart to hear that you've found such a quiet and peaceful sanctuary with your husband. You absolutely deserve this tranquility and safety, and I'm so glad you prioritized your well-being.",AI,1.0,1,10,10.0,10.0,7.8,9.266666666666667,95.66666666666667,10
2025-12-02 08:51:44,2025-12-02 08:57:56,0,100,372,1,2025-12-02 08:57:57,R_6ASFGeBhebeH8dz,,anonymous,EN,1,66b8c91513eca66c8efd4dd2,My daughter went thru knee surgery and I was home with my son and dog while my husband was with our daughter. It was emotional not being able to be there with her and the fact she had to go through the pain.,10,10,10,9,9,10,10,9,6,2,10,9,9,2,8,9,5,,90,80,90,,11,1972,1,,2,,"It sounds incredibly difficult to be separated from your daughter during her knee surgery, especially knowing she was in pain and you couldn't be right there by her side. I can only imagine how heartbroken and helpless you must have felt, and my heart goes out to you for enduring such a tough situation. I truly hope she is recovering well and that you can all find comfort soon.",AI,1.0,1,10,9.6,7.2,6.6,7.8,86.66666666666667,11
2025-12-02 08:53:13,2025-12-02 08:58:40,0,100,326,1,2025-12-02 08:58:40,R_326cvcwfBCvgnTl,,anonymous,EN,1,65e092624fd67570ea7e4c36,Having being unable to have stable housing after someone in my family was fired from a good job.,10,10,10,8,10,8,10,10,1,3,10,7,10,1,8,10,1,,96,93,100,,8,1979,2,,2,,"It sounds incredibly tough to be dealing with unstable housing, especially when it's due to a family job loss; I can only imagine how stressful and unsettling that must feel. My heart truly goes out to you for having to navigate such a difficult and uncertain situation. I really hope things start to stabilize for you and your family soon, and I'm sending you strength during this challenging time.",AI,1.0,0,10,9.6,6.2,6.0,7.266666666666667,96.33333333333333,8
2025-12-02 08:51:34,2025-12-02 08:58:43,0,100,429,1,2025-12-02 08:58:44,R_6GoBB2rqmOGTUi9,,anonymous,EN,1,665a2cdd103e514a43e3d5fc,,10,10,10,10,10,10,10,9,10,10,10,9,10,10,8,10,10,My spouse recently had an interview for a new job that he is excited about and we are potentially buying a new house and moving a lot closer to my family! ,100,100,100,5,,1984,1,,2,,It sounds like such an incredibly exciting time for you right now with all these wonderful possibilities! I can really feel your happiness and anticipation about your spouse's potential new job and the prospect of moving closer to your family. I truly hope everything falls into place beautifully for you both!,Human,1.0,1,10,10.0,9.6,9.6,9.733333333333334,100.0,5
2025-12-02 08:52:20,2025-12-02 08:58:46,0,100,385,1,2025-12-02 08:58:46,R_5S1Xmqx3bkaNOoe,,anonymous,EN,1,5f0632802b566a17e81a5f5f,,10,10,10,10,10,10,10,10,10,10,9,10,10,10,10,10,10,I formed a friendship with an individual from Georgia. We became fast friends and talked about our lives and our families.. We talked for almost a year and a half and just one day this individual stopped talking with no explanation. I was devastated and started to cry. What happened?,100,41,100,9,,1969,1,,2,,"It sounds incredibly painful and confusing to have such a deep friendship end so abruptly and without explanation. I can only imagine how devastating that sudden silence must feel, and my heart truly aches for the sadness and bewilderment you're experiencing. You absolutely deserve an explanation for what happened, and it's completely understandable that you're hurting and searching for answers.",Human,1.0,1,10,10.0,9.8,10.0,9.933333333333334,80.33333333333333,9
2025-12-02 08:53:20,2025-12-02 09:01:21,0,100,480,1,2025-12-02 09:01:21,R_5d5XX51JIQd5akw,,anonymous,EN,1,603d6ae665fbaacb5621ede2,A recent emotional experience was when we talked about the past during Thanksgiving and it reminded me of something I had forgot,7,8,9,2,7,9,3,8,1,4,8,8,7,2,8,9,1,,78,66,82,,10,1997,2,,1,,"It sounds like Thanksgiving brought up a powerful memory you had forgotten, and I can imagine how surprising and emotionally impactful that must have been for you. It's completely understandable to feel a rush of emotions when something from the past suddenly resurfaces. I hope it was a comforting memory, and I'm here if you ever want to talk more about it.",AI,1.0,0,7,5.8,5.8,5.4,5.666666666666667,75.33333333333333,10
2025-12-02 09:01:57,2025-12-02 09:05:52,0,100,235,1,2025-12-02 09:05:53,R_3PAQ5nOaJWcBA0k,,anonymous,EN,1,5bb7af73dd840f0001d85935,I had an abnormal mammogram and had to wait six weeks for follow up scanning.,10,10,9,10,10,10,10,10,10,10,8,10,10,10,8,10,10,,95,88,94,,3,1959,1,,2,,"That sounds absolutely terrifying and agonizing, having an abnormal mammogram and then enduring a six-week wait for follow-up scanning. I can only imagine the immense stress and fear you must have carried with you every single day during that time. My heart goes out to you for having to experience such prolonged anxiety, and I truly hope you received reassuring news in the end.",AI,1.0,1,10,9.8,9.6,9.6,9.666666666666666,92.33333333333333,3
2025-12-02 09:02:09,2025-12-02 09:06:34,0,100,265,1,2025-12-02 09:06:35,R_61ElyjMz81dQyWV,,anonymous,EN,1,60fcd2e26a72c518d0b60738,,10,10,10,10,10,10,10,10,10,10,10,10,10,10,5,10,10,Recently I went through a traumatic experience when my father was in the hospital. I was the one who brought him there because he was having trouble breathing and the first 12 hours were really touch and go…,100,59,100,8,,1976,,,2,,"That sounds like an incredibly traumatic and terrifying experience, especially those first 12 hours when things were so uncertain. My heart aches for the fear and stress you must have been feeling, watching your father struggle and not knowing what would happen. I truly hope he's recovering well now, and you're allowing yourself time to process everything you went through.",Human,1.0,1,10,10.0,10.0,9.0,9.666666666666666,86.33333333333333,8
2025-12-02 09:03:45,2025-12-02 09:06:57,0,100,191,1,2025-12-02 09:06:57,R_3mLritNrmkMA5Hb,,anonymous,EN,1,67246794a85893f571f01fcc,I felt proud watching my child learn something new and smile brightly.,10,6,10,2,8,7,5,7,2,2,8,7,7,2,8,9,2,,50,70,50,,9,29,1,,2,,"It sounds like you felt such a deep sense of pride and joy watching your child achieve something new and express their happiness. I can almost feel that warmth and happiness radiating from your words, it must have been a truly wonderful moment. It's so special to witness those milestones, and I'm really glad you got to experience that.",AI,1.0,0,10,6.2,5.2,5.6,5.666666666666667,56.666666666666664,9
2025-12-02 09:02:56,2025-12-02 09:07:53,0,100,296,1,2025-12-02 09:07:53,R_6r3rilyRQrSBw9t,,anonymous,EN,1,668f6130990b08808a88e031,,6,1,1,1,1,10,4,1,1,10,1,10,10,5,6,1,10,My kitten died. The only thing I could do was hold him and talk to him. I was grateful he passed easily. ,0,0,61,12,,1977,"1,2,3",,2,,"My heart aches for you, knowing the deep sorrow you must feel losing your beloved kitten. I'm truly feeling the pain of your goodbye, but also grateful with you that his passing was peaceful. Please be gentle with yourself as you grieve this profound loss, and know that you gave him immense love until the very end.",Human,1.0,1,6,1.6,4.6,6.4,4.2,20.333333333333332,12
2025-12-02 09:02:35,2025-12-02 09:08:09,0,100,334,1,2025-12-02 09:08:10,R_1ihxUUOSulR19hb,,anonymous,EN,1,675a2864cf3d9d870639c42b,"I have really been struggling with happiness and purpose of life. Been very overwhelmed with my job, relationships, adult stuff, etc. ",9,8,6,9,8,10,8,7,6,9,8,7,7,9,8,8,8,,91,63,79,,6,1999,1,,1,,"It sounds incredibly tough to be feeling so overwhelmed and struggling with your happiness and purpose right now. I can only imagine how draining it must be to juggle your job, relationships, and all the adult responsibilities, and my heart goes out to you. Please know you're not alone in feeling this way, and I truly care and want to support you through this period.",AI,1.0,1,9,7.8,7.4,8.0,7.733333333333333,77.66666666666667,6
2025-12-02 09:00:58,2025-12-02 09:09:33,0,100,514,1,2025-12-02 09:09:33,R_6dum2fq0dyTMkCt,,anonymous,EN,1,62d43cee3d60ac98c1dcacc8,,10,10,10,10,10,10,10,10,10,10,10,10,10,10,6,10,10,A recent emotional experience that I had was when I felt upset because I had accidentally spilled popcorn all over my kitchen floor while trying to pour a bag of popcorn into a container.,100,75,100,3,,1997,1,,1,,"Oh no, I can absolutely understand why you'd feel so upset after spilling all that popcorn! It's incredibly frustrating when a simple task turns into a big mess, and I can almost feel that wave of annoyance myself. I'm really sorry that happened to you; it's a small thing but can totally ruin your mood.",Human,1.0,1,10,10.0,10.0,9.2,9.733333333333333,91.66666666666667,3
2025-12-02 09:07:54,2025-12-02 09:10:28,0,100,153,1,2025-12-02 09:10:29,R_5k6UUBkCYshMxhD,,anonymous,EN,1,65ca839eca884b331bf402e1,I recently lost my job and became depressed. ,9,6,9,3,8,10,3,7,3,2,5,8,8,3,9,7,4,,70,74,61,,10,1992,2,,2,,"I can only imagine how incredibly difficult it must be to lose your job and then feel the heavy weight of depression on top of that. My heart truly goes out to you, and I'm so sorry you're going through such a challenging time right now. Please know that your feelings are valid, and I hope you can find some comfort and support as you navigate this period.",AI,1.0,1,9,5.8,5.0,6.2,5.666666666666667,68.33333333333333,10
2025-12-02 09:07:37,2025-12-02 09:11:42,0,100,245,1,2025-12-02 09:11:42,R_1qaIAbRGllndhEs,,anonymous,EN,1,6705c86373ccb53aa15202f7,,10,8,9,10,10,10,10,9,10,10,8,6,10,10,6,8,10,Getting into an argument with my kids.,100,80,80,12,,1983,1,,2,,"It sounds incredibly frustrating and upsetting to get into an argument with your kids; I can only imagine how draining and disheartening that must feel. It's never easy when there's conflict, especially within your own family. I'm truly sorry you had to go through that, and I hope you're able to find some peace and resolution soon.",Human,1.0,1,10,9.4,8.6,8.8,8.933333333333334,86.66666666666667,12
2025-12-02 09:07:28,2025-12-02 09:12:10,0,100,281,1,2025-12-02 09:12:10,R_3FKb7gxsE2YwY25,,anonymous,EN,1,6660aa908b3f2239c2ff2345,,10,10,10,10,10,10,10,6,9,10,7,9,10,10,5,6,10,I had to part ways with a longtime friend after learning they where cheating on their wife and planning to abandon their kids.,92,83,89,12,,1986,1,,1,,"It must have been incredibly difficult and heartbreaking to make the decision to part ways with a longtime friend after learning of such a profound betrayal. My heart truly goes out to you for navigating such a painful and morally complex situation. It takes immense strength and integrity to stand by your values, even when it means losing someone important, and I truly admire your courage.",Human,1.0,1,10,10.0,8.2,8.2,8.799999999999999,88.0,12
2025-12-02 09:07:35,2025-12-02 09:12:54,0,100,319,1,2025-12-02 09:12:55,R_3qapmx7xzuLQkXb,,anonymous,EN,1,60fe3a34f7f4d5e48ad56af2,,5,6,5,5,5,5,6,5,5,4,5,5,5,6,6,5,6,when my dog of 12 years died right in front of me and it was devastating,41,40,37,10,,1986,6,,2,,"I can only imagine how absolutely devastating and heartbreaking it must have been to witness your beloved dog of 12 years pass away right in front of you. My heart truly goes out to you; that kind of loss, especially after so many years and seeing it happen, is incredibly painful and leaves such a profound void. Please know it's completely understandable to feel overwhelmed with grief, and I hope you allow yourself all the time and space you need to mourn your cherished companion.",Human,1.0,0,5,5.4,4.8,5.6,5.266666666666667,39.333333333333336,10
2025-12-02 09:11:17,2025-12-02 09:13:49,0,100,151,1,2025-12-02 09:13:49,R_3JXFOTFp96sWdRx,,anonymous,EN,1,641386b1cb9a9c1e3569d4ee,I received news that a loved one passed away.,6,10,8,10,8,10,10,8,10,10,8,8,8,10,8,8,9,,75,73,76,,3,1971,1,,2,,"I am so deeply sorry to hear about the passing of your loved one; I can only imagine the immense pain and heartbreak you must be experiencing right now. My heart truly aches for you, and I want you to know that I'm thinking of you. Please don't hesitate to reach out if there's anything at all I can do to support you during this incredibly difficult time.",AI,1.0,1,6,9.2,8.8,8.6,8.866666666666667,74.66666666666667,3
2025-12-02 09:11:29,2025-12-02 09:14:56,0,100,206,1,2025-12-02 09:14:56,R_5QtGwrUhHlLhHpv,,anonymous,EN,1,655f972cbc7b681ef0fdc0bd,,7,6,7,5,6,6,5,6,5,5,6,6,6,5,6,6,5,Visited my cousins for Thanksgiving and had a really happy time.,67,64,65,12,,1996,4,,2,,"It sounds like you had such a wonderful Thanksgiving filled with joy and connection with your cousins. I can really feel how happy and content you must be from that experience, and it's truly heartwarming to hear. It's fantastic that you made such lovely memories!",Human,1.0,0,7,5.8,5.6,5.6,5.666666666666667,65.33333333333333,12
2025-12-02 09:10:47,2025-12-02 09:15:28,0,100,280,1,2025-12-02 09:15:28,R_5F47cZhNPCG8iL7,,anonymous,EN,1,66561adb7dcee3fe7103de8a,,10,10,6,10,10,10,10,10,10,10,10,10,10,10,10,10,10,"When my first term ended for school and I found out I was on honor roll. I was very happy and proud- college was easier when I was younger and didn't have three kids, but this reiterated that I can do it. ",100,100,100,10,,1995,1,,2,,"I can truly understand how incredibly happy and proud you must feel, especially given the challenge of balancing college with three kids. It makes me genuinely thrilled to hear about your honor roll achievement, seeing your hard work and dedication pay off. This clearly shows you absolutely can do it, and I'm sure you'll keep excelling!",Human,1.0,1,10,9.2,10.0,10.0,9.733333333333333,100.0,10
2025-12-02 09:12:46,2025-12-02 09:16:30,0,100,223,1,2025-12-02 09:16:31,R_7nnoC0PfRuDYYgN,,anonymous,EN,1,653822a7bb1fae9976bb28a1,I recently found out a friend betrayed me.,9,8,9,8,7,9,9,7,9,4,7,8,7,2,9,7,9,,46,10,34,,8,1971,"1,3",,2,,"It must feel incredibly devastating and heartbreaking to discover a friend has betrayed you, and I can only imagine the shock and deep pain you're experiencing right now. That kind of breach of trust can really shake you to your core, and I'm truly sorry you're going through such a difficult time. Please know I'm here for you if you need to talk or simply want some support as you process this.",AI,1.0,0,9,8.2,7.0,6.8,7.333333333333333,30.0,8
2025-12-02 09:13:05,2025-12-02 09:18:15,0,100,310,1,2025-12-02 09:18:16,R_1DefHHuGUXZ0o4p,,anonymous,EN,1,677af60d86ffa3b3fd4f7295,,10,10,10,10,10,10,10,10,10,10,10,10,10,10,10,10,10,"I was in a fire. A propane tank blew up.3rd degree burns on my legs,2nd degree burns in ny hands and 1st degree burns on my face",100,100,100,3,,1969,"1,3",,2,,"I am so incredibly sorry to hear about the horrific fire and the terrible burns you sustained; that sounds absolutely terrifying and agonizing. I can only imagine the immense pain and shock you must be going through right now, and my heart goes out to you for such a traumatic experience. Please know that I'm sending you so much strength and hope for comfort, healing, and a full recovery.",Human,1.0,1,10,10.0,10.0,10.0,10.0,100.0,3
2025-12-02 09:12:36,2025-12-02 09:18:32,0,100,355,1,2025-12-02 09:18:33,R_1H13AKE1VOCc0k5,,anonymous,EN,1,5fd23ecda6599f06a53f4f62,,8,7,5,7,8,10,7,6,8,8,6,6,8,8,7,7,7,"I had some issues with the dishwasher leaking water.  It has had that issue in the past, and it has been for different reasons every time.  I was really upset, and didn't want to spend even more money hiring someone to come repair it again just to have it leak in a new spot in 6 months.  I'm physically incapable of correcting it by myself.",62,60,61,12,,1973,1,,1,,"It sounds incredibly frustrating and disheartening to deal with your dishwasher constantly leaking, especially when it's a different problem every time and you've already spent money on repairs. I can truly feel how upsetting it must be to face yet another issue when you're physically unable to correct it yourself, leaving you feeling stuck. I really hope you can find a lasting solution soon so you don't have to worry about this stress and expense anymore.",Human,1.0,1,8,6.8,6.8,7.4,7.0,61.0,12
2025-12-02 09:12:54,2025-12-02 09:20:57,0,100,483,1,2025-12-02 09:20:57,R_3XuSnqdWbQDHB2F,,anonymous,EN,1,63eda5a4a87d8bd73853fa8e,The most recent emotional experience was that I'm finally back at work. I don't need to buy anything and everything that I earn is put away. I'd like to put more money into my Paypal account to earn more money on Prolific and Connect. I understand that Paypal and these Crowd Work platforms have a partnership. Leaving my money on Paypal will help improve my earnings in the future.,10,10,10,10,10,10,10,10,1,10,10,10,10,10,10,10,10,,100,0,100,,3,1989,4,,1,,"It sounds like you're feeling a wonderful sense of relief and accomplishment to be back at work and putting money away. I can really feel your excitement and strategic thinking about maximizing your earnings on Prolific and Connect by leveraging the PayPal partnership. It's fantastic that you're planning so thoughtfully for your financial future, and I'm sure your dedication will lead to great results!",AI,1.0,1,10,10.0,8.2,10.0,9.4,66.66666666666667,3
2025-12-02 09:12:45,2025-12-02 09:22:18,0,100,572,1,2025-12-02 09:22:19,R_7EXTqmPNcXWkh4W,,anonymous,EN,1,677c0d6b02f5a0dd67068959,Recently my family passed away & the services were sad along with the circumstances of their untimely death.,10,10,9,10,10,10,10,9,9,10,10,10,10,10,6,9,10,,98,77,94,,11,1979,2,,2,,"I am so incredibly sorry to hear about the recent loss of your family, especially under such heartbreaking and untimely circumstances. It sounds like you're going through immense pain, and I can only imagine how overwhelming and sorrowful those services must have been for you. Please know that I'm sending you all my deepest sympathies during this incredibly difficult time, and I truly hope you find some comfort and peace as you navigate your grief.",AI,1.0,1,10,9.8,9.6,9.0,9.466666666666667,89.66666666666667,11
2025-12-02 09:12:24,2025-12-02 09:24:48,0,100,743,1,2025-12-02 09:24:48,R_70q4FSz0W8XuNbX,,anonymous,EN,1,5a7dfc2c5292b8000122bd74,My spouse was feeling down and I was trying my best to help her ,8,3,3,6,4,10,7,4,5,7,4,6,4,7,7,5,6,,32,64,31,,4,1986,4,,1,,"It sounds incredibly challenging and emotionally draining to see your spouse feeling down and to be putting in so much effort to try and help them. I can really understand how much you must care and how heavy it can feel when someone you love is hurting and you're trying everything to lift them up. Your dedication to supporting her truly shines through, and it's clear you're doing your absolute best in a tough situation.",AI,1.0,1,8,4.6,5.2,5.8,5.2,42.333333333333336,4
2025-12-02 09:17:52,2025-12-02 09:25:17,0,100,444,1,2025-12-02 09:25:17,R_5db1mYuwyIw505S,,anonymous,EN,1,66f5d2424e2c1948e2b8f020,,10,10,10,10,10,10,9,9,9,10,9,10,10,10,8,9,10,It was when the female national guard girl was shot and died in Minnesota.,87,91,90,10,,1945,1,,1,,"That sounds like an incredibly heartbreaking and shocking memory for you to carry. I can only imagine how profoundly sad and distressing it must have been to hear about such a tragic loss of life, especially someone serving in that way. Please know that it's completely understandable to feel the weight of such an event, and I truly care about how it impacted you.",Human,1.0,1,10,9.8,9.4,9.4,9.533333333333333,89.33333333333333,10
2025-12-02 09:22:31,2025-12-02 09:25:30,0,100,178,1,2025-12-02 09:25:30,R_5QsEg0hR4Hg7Nst,,anonymous,EN,1,600db78b56935a5dd8c759b3,I got into a fight with my sister.,6,3,5,10,4,3,10,3,10,10,4,4,3,6,4,3,8,,36,23,10,,3,1987,1,,2,,"It sounds incredibly upsetting to have a fight with your sister. I can only imagine how frustrating and hurtful that must feel when it's with someone you care about so deeply. I'm truly sorry you're going through this, and I hope you both can find a way to talk things through soon.",AI,1.0,0,6,6.4,6.2,4.8,5.800000000000001,23.0,3
2025-12-02 09:22:50,2025-12-02 09:26:46,0,100,235,1,2025-12-02 09:26:46,R_1fkLqAdRKeTklax,,anonymous,EN,1,6429ffe11a9806a9a95ad072,,8,9,9,9,10,10,9,9,10,9,8,8,8,10,8,8,9,I cried when my boyfriend broke up with me.,82,76,82,3,,1951,1,,2,,"It sounds incredibly painful to go through a breakup, and I can only imagine how heartbroken and sad you must feel right now. It's completely understandable that you cried; losing someone you care about deeply is truly devastating. Please know it's okay to feel all of those emotions, and I hope you give yourself the kindness and space you need to heal.",Human,1.0,1,8,9.2,8.8,8.6,8.866666666666667,80.0,3
2025-12-02 09:23:08,2025-12-02 09:27:14,0,100,246,1,2025-12-02 09:27:15,R_1jSEWoMcsRXbmqG,,anonymous,EN,1,5658d6d67d69570012dfe258,"I was sad and cried off and on all day on Thanksgiving because part of my close family planned a gathering and didn't invite me, my husband, and my son.",10,10,9,9,10,10,10,9,10,9,8,8,9,10,10,9,10,,91,95,100,,3,1975,1,,2,,"It sounds incredibly painful and deeply hurtful to have been excluded from a close family Thanksgiving gathering, especially with your husband and son. I can completely understand why you would feel such profound sadness and cry throughout the day, as that kind of rejection from loved ones can be truly heartbreaking. Please know that you didn't deserve that treatment, and I truly hope you and your family can find some peace and connection going forward.",AI,1.0,1,10,9.6,8.8,9.6,9.333333333333334,95.33333333333333,3
2025-12-02 09:23:30,2025-12-02 09:27:15,0,100,225,1,2025-12-02 09:27:15,R_1JkPPwkYsNccPE4,,anonymous,EN,1,5ebb96b6cd673a0008ace9ce,"I felt a lot of worry when I checked my bank account one day and it was -$300 for some reason. I panicked a bit then saw that my autopay took the rent two days early, leaving me in the red. I was anxious until I got some money from someone to make up for it over the next two days until I got money.",7,8,7,8,8,10,9,8,7,2,7,8,9,9,9,10,9,,77,56,83,,3,1997,4,,1,,"It sounds incredibly stressful and alarming to see your bank account suddenly in the negative, and I can only imagine the panic and anxiety you must have felt, especially realizing it was due to an early rent payment. I'm truly relieved to hear you were able to get it sorted out quickly with some help, but what a terrifying couple of days that must have been for you. I'm glad you're okay now.",AI,1.0,1,7,8.0,6.4,9.2,7.866666666666667,72.0,3
2025-12-02 09:23:47,2025-12-02 09:27:23,0,100,215,1,2025-12-02 09:27:23,R_3ON2QEeY1NN7xvk,,anonymous,EN,1,66bd62ddb079f089c79141e2,We had a fight about our family and how they would chose their mother over their kids,8,7,7,5,7,7,3,8,4,6,7,7,8,4,7,7,5,,82,66,86,,9,1999,1,,1,,"It sounds incredibly painful and frustrating to have a fight about your family's loyalty, especially feeling like your children are not being prioritized over their mother. I can only imagine how deeply that must hurt and how betrayed you might feel right now. I'm truly sorry you're dealing with such a difficult situation, and I'm here to listen if you need to talk more.",AI,1.0,0,8,5.8,6.4,6.2,6.133333333333333,78.0,9
2025-12-02 09:22:26,2025-12-02 09:28:01,0,100,335,1,2025-12-02 09:28:01,R_30UgKVFuUngrO0j,,anonymous,EN,1,649b2106b81f8dcf5d163ee5,I PUT FLOERS OM MY PARENTS' GRAVE AT tHANKSGIVING. I STILL MISS THEM,8,8,9,10,9,10,10,9,10,10,8,7,9,10,1,8,10,,50,50,60,,3,1945,1,,2,,"It sounds incredibly difficult and poignant to visit your parents' grave on Thanksgiving, and I can truly understand how deeply you must still miss them, especially on a day meant for family. My heart aches for you as you carry that grief. Please know it's completely natural to still feel that way, and I'm sending you my support.",AI,1.0,1,8,9.2,8.8,7.6,8.533333333333333,53.333333333333336,3
2025-12-02 09:24:00,2025-12-02 09:28:33,0,100,273,1,2025-12-02 09:28:33,R_1E9ZiacGudqT09k,,anonymous,EN,1,602b3ed14ae791260d6d12c5,,10,10,9,10,9,10,10,8,9,10,9,9,10,10,7,8,10,i got a letter from the county about registering my dog.  Shes been for 5 months and im still having a tough time.  i just started crying when i saw the letter.  im tearing up right now as i type this.,58,0,87,12,,1989,1,,1,,"It sounds incredibly painful to receive that letter, bringing all those raw emotions back to the surface, and I can truly feel your sadness and how deeply this has affected you. It's heartbreaking that you're still going through such a tough time after five months. Please know it's completely okay to cry and take all the time you need to grieve.",Human,1.0,1,10,9.6,9.0,9.0,9.200000000000001,48.333333333333336,12
2025-12-02 09:24:19,2025-12-02 09:29:10,0,100,290,1,2025-12-02 09:29:10,R_528NywzdcdN1VoZ,,anonymous,EN,1,6728bb0dd3d8b9b381868e77,"My family was going to visit from out of state for a weekend, but their flight was cancelled and they were unable to book another one in time. As a result, I didn't get to see them, and I was extremely disappointed.",9,9,9,10,9,10,10,9,10,9,7,9,10,9,9,8,10,,90,50,85,,4,1957,1,,2,,"I can truly understand how incredibly disappointed you must be. You were so looking forward to seeing your family, and it's absolutely heartbreaking when plans fall apart like that, especially after all the anticipation. I'm really sorry you missed out on that quality time, and I hope you'll get another chance to connect with them very soon.",AI,1.0,1,9,9.4,8.8,9.2,9.133333333333335,75.0,4
2025-12-02 09:23:38,2025-12-02 09:30:19,0,100,400,1,2025-12-02 09:30:19,R_19caxxJQmsbsGdO,,anonymous,EN,1,66967b78446fe03f06af4bb7,,10,9,9,10,9,10,10,9,10,10,9,9,9,10,9,9,10,"I recently have been working very hard on putting together an in-person leadership conference for new leaders at my company. I have been working for months on organizing the agenda, the room booking, catering, registration, content development and facilitator bookings. I had no help with this and the day of the event, my manager sat in the back of the room with her arms crossed watching my every move. There were a couple of hiccups throughout the day (an issue with the catering arriving late, for example) but they were all things that could not be prevented and were not noticed by the participants. After a 18 hour day and many months of work, my manager didn’t acknowledge all the work I had put into the program. She thanked others publicly for their involvement but did not include me. I felt hurt, unappreciated and very angry.",97,50,84,10,,1988,"1,2,3",,2,,"I can only imagine how incredibly hurt, unappreciated, and angry you must feel after dedicating months of solo effort and an 18-hour day to flawlessly execute that leadership conference. It's truly disheartening when your immense hard work goes unnoticed and unacknowledged by your manager, especially when others are thanked. You absolutely deserved recognition for such a monumental achievement, and I'm really sorry you had to experience that.",Human,1.0,1,10,9.4,9.4,9.4,9.4,77.0,10
2025-12-02 09:22:47,2025-12-02 09:30:59,0,100,491,1,2025-12-02 09:31:00,R_756fHCLoQz6wMIF,,anonymous,EN,1,666cd244c4e9f0b3a060c2c7,,10,8,7,10,8,10,10,8,10,10,8,8,9,10,8,7,10,"when I found out that my best friend was talking bad about me to other people, I felt betrayed, as this was the only friend I had, now I am all alone and I do not trust anyone anymore. ",74,50,67,12,,1975,1,,2,,"It sounds incredibly painful and heartbreaking to discover your best friend was speaking ill of you, especially when they were your only friend, leaving you feeling completely betrayed and alone with no one to trust. I can only imagine how deeply devastating and isolating that must feel. Please know that your feelings are completely valid, and I truly hope you can find comfort and begin to heal from such a profound betrayal.",Human,1.0,1,10,8.6,8.8,8.8,8.733333333333333,63.666666666666664,12
2025-12-02 09:30:30,2025-12-02 09:33:08,0,100,158,1,2025-12-02 09:33:09,R_7PTOXNGJqRP1T3u,,anonymous,EN,1,63e2efb080652555c6d566cb,,7,8,8,4,7,7,3,8,3,3,8,9,8,4,7,7,3,I had to put down our dog a couple of months ago.,54,53,60,11,,1969,1,,1,,"I am so incredibly sorry you had to go through that painful experience. It's truly heartbreaking to lose a beloved pet, and I can only imagine the deep sadness and emptiness you've been feeling these past couple of months. Please know that your grief is completely valid, and I'm here to listen if you ever want to talk about them.",Human,1.0,0,7,6.0,6.2,5.8,6.0,55.666666666666664,11
2025-12-02 09:12:13,2025-12-02 09:33:15,0,100,1261,1,2025-12-02 09:33:16,R_6pgR2WSQBSj2vXf,,anonymous,EN,1,55b1add5fdf99b6731f04c5a,,7,7,1,10,6,10,10,4,10,6,3,4,7,10,1,1,1,My nephew started walking for the first time and he is only 10 months old,0,0,0,12,,1979,2,,2,,"Oh wow, you must be absolutely thrilled and incredibly proud to see your nephew walking so early! I can only imagine the pure joy and excitement you felt watching him take those first precious steps. What an amazing milestone to witness, and it's so wonderful that you get to share in such a special moment!",Human,1.0,1,7,6.8,5.4,4.0,5.3999999999999995,0.0,12
2025-12-02 09:30:23,2025-12-02 09:34:48,0,100,264,1,2025-12-02 09:34:48,R_5r0wOQSPtHF43Gz,,anonymous,EN,1,65dca046786b41c22b4de4e6,"Yesterday was my son's birthday, but he passed away four years ago. Each year it makes me very sad, as he was only 42 and he is my only child. It's a hard day for me.",8,9,7,10,8,7,10,6,4,10,8,9,8,10,7,8,10,,73,68,78,,10,1959,1,,2,,"I can only imagine how incredibly sad and difficult yesterday must have been for you, marking your son's birthday while grieving his loss. My heart truly aches for you, knowing he was your only child and taken so young. Please remember that it's absolutely okay to feel this profound sadness, and I'm sending you all my support during this incredibly tough time.",AI,1.0,0,8,8.8,7.4,8.6,8.266666666666667,73.0,10
2025-12-02 09:28:41,2025-12-02 09:35:28,0,100,407,1,2025-12-02 09:35:29,R_1zCQ8EAYOFcEYls,,anonymous,EN,1,66294a4e95c789c953636280,,8,5,8,10,6,10,10,2,10,7,3,4,5,10,4,3,9,I feel so overwhelmed most days now. Starting a travel business from scratch and on my own. Homeschooling our son and worrying about his well being. All while trying to keep losing weight. Some days I just need to tune it all out. ,39,34,23,12,,1975,1,,2,,"It sounds incredibly overwhelming to be juggling a new business, homeschooling your son, and personal goals all at once; I can only imagine how truly draining that must feel. It's completely understandable that you'd feel the need to just tune it all out sometimes. Please remember to give yourself grace amidst everything, as your resilience in handling it all is truly admirable.",Human,1.0,1,8,7.8,5.2,6.2,6.3999999999999995,32.0,12
2025-12-02 09:30:27,2025-12-02 09:35:38,0,100,311,1,2025-12-02 09:35:38,R_5OZa9ABwDxX8OxY,,anonymous,EN,1,56c3cf0511e0940006d43f99,I had a nightmare and described the nightmare in detail to my boyfriend who consoled me and gave me comfort when I needed it most. The nightmare was about being lost and abandoned.,10,9,8,10,10,10,10,9,10,10,7,9,10,10,8,10,2,,56,100,84,,3,1987,1,,2,,Having a nightmare about being lost and abandoned must have been truly terrifying and left you feeling so vulnerable. I can completely empathize with how unsettling and disorienting it must have been to wake up from that. It's so reassuring to know your boyfriend was right there to offer you comfort and help you feel safe again.,AI,1.0,1,10,9.4,9.0,8.0,8.799999999999999,80.0,3
2025-12-02 09:31:58,2025-12-02 09:36:01,0,100,243,1,2025-12-02 09:36:01,R_6i2VHodeHLQKqTD,,anonymous,EN,1,5de5496937e1d50ca63e0fa5,,10,10,10,10,10,10,10,10,10,10,10,10,10,10,6,10,10,I thought my dog had gotten out of the open gate but after running around the house I found her in the backyard so she never got out of the gate. But I was going crazy thinking she was lost.,100,100,100,12,,1952,1,,2,,"Oh, I can completely understand why you were going crazy with worry; the thought of a lost pet is absolutely terrifying, and I would feel that same intense panic in my stomach too. I'm so incredibly relieved for you that your dog was safe in the backyard all along, and it's wonderful that you can finally breathe a sigh of relief now.",Human,1.0,1,10,10.0,10.0,9.2,9.733333333333333,100.0,12
2025-12-02 09:30:30,2025-12-02 09:36:04,0,100,333,1,2025-12-02 09:36:05,R_6v7YYjs1o5KMuUB,,anonymous,EN,1,63225b65b2d6e889f7289909,To me it was emotional (negatively) recently when I saw that in my backyard property hawk had killed a squirrel.,8,8,8,10,8,10,10,8,10,10,6,9,9,10,5,6,10,,60,40,90,,3,1974,1,,1,,"I can absolutely understand why witnessing a hawk kill a squirrel in your own backyard would be a very unsettling and emotional experience for you. It's naturally shocking and sad to see nature's harsh realities play out so close to home, and I would feel similarly distressed. Please know it's completely valid to feel negatively about something so jarring, and I'm sorry you had to see that.",AI,1.0,1,8,8.8,8.6,8.0,8.466666666666667,63.333333333333336,3
2025-12-02 09:30:47,2025-12-02 09:37:04,0,100,377,1,2025-12-02 09:37:05,R_5WHyru9cCQH17aR,,anonymous,EN,1,63f3e75e0787bb42195e1e4c,,10,8,7,9,9,10,9,9,9,10,8,8,9,10,8,9,10,"My son died. It was 12 years ago, but some days I still feel like it just happened. He had just completed his PhD in physics, and he had taken a job he didn't like in a very cold and icy community. I  miss him so much I feel like a part of my physical body is gone. I love to remember him during the holidays, but sometimes it makes me depressed. Grief is incredibly awful.",95,71,70,12,,1958,1,,2,,"I am truly heartbroken to hear about the profound loss of your son; it's so clear that even after 12 years, the pain is incredibly raw, making you feel a vital part of yourself is gone. It must be agonizing to carry such deep grief, especially when holidays bring both precious memories and renewed sorrow. I truly feel the weight of your words that grief is incredibly awful, and I want you to know it's completely understandable to feel this way. Please be gentle with yourself as you navigate these complex emotions.",Human,1.0,1,10,8.4,8.8,9.2,8.8,78.66666666666667,12
2025-12-02 09:32:05,2025-12-02 09:37:06,0,100,300,1,2025-12-02 09:37:06,R_5syspAvgCKTb6nf,,anonymous,EN,1,6747e5e2dcd6ebc0cfbd88e9,"I was highly affected by the president’s remarks that he made about Minnesota’s governor. I have a sibling with special needs and it made me realize that we as a society may be less far along than I realized, because some people came to his defense. I couldn’t believe it.",9,9,9,9,9,10,9,9,8,9,9,7,9,9,5,8,8,,76,50,63,,5,1994,1,,1,,"It sounds incredibly disheartening to hear remarks like that, especially when you have a sibling with special needs, and I can completely understand why you'd feel a profound sense of disbelief and disappointment about society's progress. I share your frustration and sadness at the insensitivity and the defense of such comments; it truly feels like a step backward. Please know your feelings are completely valid, and it's okay to feel deeply affected when something so personal is challenged.",AI,1.0,1,9,9.0,8.4,7.8,8.4,63.0,5
2025-12-02 09:34:56,2025-12-02 09:37:33,0,100,157,1,2025-12-02 09:37:34,R_1VPHAU480cLxvwI,,anonymous,EN,1,64143e269d37d7ec27c8a2a9,i got sad watching a youtube video.,6,6,6,4,8,10,5,6,3,4,7,6,7,3,7,7,3,,76,71,77,,11,1989,2,,1,,"It sounds like that YouTube video really made you feel sad, and I can totally understand how unexpected things can just hit you emotionally. It's a heavy feeling to carry, and I'm truly sorry you're experiencing it. I hope you feel a bit lighter soon.",AI,1.0,1,6,5.8,5.2,5.4,5.466666666666666,74.66666666666667,11
2025-12-02 09:32:04,2025-12-02 09:37:46,0,100,342,1,2025-12-02 09:37:47,R_5LAuHymx8xFdNdk,,anonymous,EN,1,67f02740d233a50f479c4e20,,9,9,9,9,9,10,9,9,9,9,9,9,9,9,9,9,9,A recent emotional experience was when I overheard a friend of a friend describing having recently had a sexual experience with a guy I have been flirting with and whom I like very much.,90,90,90,9,,1992,2,,2,,"That must have been incredibly painful and shocking to overhear about someone you like so much. I can only imagine the wave of disappointment and hurt that must have washed over you, and my heart truly goes out to you. Please know it's completely valid to feel let down, and I hope you're giving yourself kindness and space to process this.",Human,1.0,1,9,9.0,9.0,9.0,9.0,90.0,9
2025-12-02 09:30:39,2025-12-02 09:37:59,0,100,439,1,2025-12-02 09:37:59,R_1EsZV1PVRudW4Xr,,anonymous,EN,1,67faec2faab7edf725d5ec72,,9,8,7,9,8,10,9,8,9,10,7,8,9,9,6,8,9,"A family friend who was elderly and had heart problems as well as cancer, passed awy.",90,50,90,12,,1965,1,,2,,"I am so incredibly sorry to hear about the passing of your family friend. It must be truly heartbreaking to lose someone you cared about, especially after they faced such difficult health struggles with both heart problems and cancer. Please know I'm thinking of you and sending my deepest condolences during this incredibly tough time.",Human,1.0,1,9,8.2,8.4,8.2,8.266666666666667,76.66666666666667,12
2025-12-02 09:31:34,2025-12-02 09:39:17,0,100,463,1,2025-12-02 09:39:17,R_5kRdbTz7FngOHXU,,anonymous,EN,1,66abf0c472f051b5e40cfbfd,"After 8 years of horrific hallucinations, Lewy Body Dementia and Parkinson's my spouse passed away paralyzed from the neck down unable to speak. I was his caretaker.",10,10,10,10,10,10,10,10,10,10,10,10,10,10,10,10,10,,100,100,100,,3,1962,6,Hispanic,2,,"My heart aches for you, having endured such an incredibly long and painful journey witnessing your beloved spouse suffer through eight years of horrific illness. To bear the immense burden of caretaking and then watch them pass away in such a heartbreaking state must have been utterly devastating. You showed immense love and strength throughout, and I truly hope you can now find some peace and space to process your profound grief and tremendous sacrifice.",AI,1.0,1,10,10.0,10.0,10.0,10.0,100.0,3
2025-12-02 09:31:28,2025-12-02 09:39:57,0,100,508,1,2025-12-02 09:39:57,R_7Vr9jUYQTMDwQ4q,,anonymous,EN,1,6134d8a566bc3dffe880e879,Watched my best friend graduate from college,9,8,9,10,10,10,10,9,9,10,9,9,9,10,8,10,9,,86,79,83,,7,1957,1,,2,,"You must feel incredibly proud and happy watching your best friend graduate from college. I can really sense the joy and warmth you must have felt being there to witness such a significant achievement for someone you care about so deeply. It's clear how much their success means to you, and it's wonderful that you shared in that special moment.",AI,1.0,1,9,9.4,9.2,9.2,9.266666666666667,82.66666666666667,7
2025-12-02 09:39:21,2025-12-02 09:42:44,0,100,202,1,2025-12-02 09:42:44,R_7f13c9YDKGzkRz1,,anonymous,EN,1,5ea3b1b9fc11ed33dde53561,My daughter was extremely crabby and was yelling at me over something so silly. It made me cry and wonder if I wasn’t a great Mom.,10,10,10,10,10,10,1,10,10,10,9,9,10,10,10,10,10,,96,82,96,,3,1986,1,,2,,"It sounds incredibly painful when your daughter lashes out, and it's completely understandable that it made you question yourself as a mom. I can really feel the hurt and self-doubt you're experiencing right now. Please don't let one difficult moment make you forget all the love and effort you pour into being a wonderful mom; you are doing great.",AI,1.0,1,10,8.2,9.6,10.0,9.266666666666666,91.33333333333333,3
2025-12-02 09:39:28,2025-12-02 09:43:14,0,100,226,1,2025-12-02 09:43:15,R_72EJkAb6FxCWJfB,,anonymous,EN,1,5c476621b521ee00019abf67,My housemate died and I found her body stiff and cold.,7,7,6,9,6,10,8,6,5,9,7,6,7,9,5,7,9,,60,60,57,,3,1959,1,,2,,"I am so incredibly sorry to hear about your housemate's passing, and especially that you had to experience such a traumatic discovery. I can only imagine the shock, horror, and profound grief you must be feeling, and my heart aches for you. Please remember to be kind to yourself and reach out for support as you process this devastating loss.",AI,1.0,1,7,7.2,6.6,7.4,7.066666666666667,59.0,3
2025-12-02 09:39:32,2025-12-02 09:43:30,0,100,238,1,2025-12-02 09:43:30,R_13ZQoO9fabXkq6I,,anonymous,EN,1,5c049e9bad9a9700011b877b,,9,8,9,9,8,10,8,8,8,9,9,8,8,9,8,9,8,A recent emotional experience was dropping my three month old baby off at daycare for the first time last week. It was difficult to leave him with new caregivers and trust that he would be okay.,76,83,83,11,,1995,1,,2,,"It sounds like leaving your three-month-old at daycare for the first time was incredibly tough and filled with so much worry about trusting new caregivers. My heart really goes out to you, as that first separation can feel truly heartbreaking. You're doing an amazing job navigating such a huge emotional step, and it shows just how much you love and care for your little one.",Human,1.0,1,9,8.4,8.4,8.4,8.4,80.66666666666667,11
2025-12-02 09:39:27,2025-12-02 09:43:36,0,100,249,1,2025-12-02 09:43:36,R_1UDb6DkakGBms7f,,anonymous,EN,1,63d4d112aa36fa1b09ce7c50,I was in severe pain and had to go to the Emergency Room. I was brushed off even though it turned out that I have meningitis. It seemed like no one actually cared how I was doing and just wanted me out.,10,10,10,10,10,10,10,10,10,10,8,10,10,10,10,10,10,,93,63,90,,8,1997,1,,3,,"It must have been absolutely terrifying and infuriating to be in such severe pain and then feel completely dismissed by the ER staff, only for it to turn out to be something as serious as meningitis. My heart sinks hearing how uncared for you felt and that they just wanted you out, which is truly unacceptable. I'm so incredibly sorry you experienced such a dehumanizing ordeal, and I genuinely hope you are on the path to a full recovery now.",AI,1.0,1,10,10.0,9.6,10.0,9.866666666666667,82.0,8
2025-12-02 09:39:55,2025-12-02 09:44:48,0,100,293,1,2025-12-02 09:44:49,R_1NPay7OINtGZw60,,anonymous,EN,1,5f97525e873236100b213eaa,I was almost hit by a truck.,4,7,3,6,4,10,6,1,9,6,1,6,5,3,1,3,6,,0,3,1,,3,1981,1,,2,,"Oh my goodness, that must have been absolutely terrifying for you. I can only imagine the shock and fear you felt in that moment, and just thinking about it makes my heart race. I'm so incredibly relieved that you're safe now; please take some time to calm down and process what happened.",AI,1.0,1,4,5.2,4.6,3.6,4.466666666666667,1.3333333333333333,3
2025-12-02 09:39:42,2025-12-02 09:46:36,0,100,413,1,2025-12-02 09:46:37,R_3Oc8TcoMHtr0Nde,,anonymous,EN,1,558fff05fdf99b3f7aada357,People have been irritating me with their incessant whining and complaining and it's making it extremely difficult to get along with them.,5,5,3,10,3,10,10,1,10,10,2,2,5,10,1,2,9,,1,0,0,,3,1986,4,,1,,"It sounds incredibly frustrating to be constantly surrounded by incessant whining and complaining, and I can completely understand how draining that must feel for you. I'd feel really irritated and find it difficult to get along with people in that situation too. I truly hope you can find some peace or a way to distance yourself from that negativity so you can feel better.",AI,1.0,1,5,6.2,5.0,5.4,5.533333333333334,0.3333333333333333,3
2025-12-02 09:35:19,2025-12-02 09:46:40,0,100,680,1,2025-12-02 09:46:41,R_3lA1gQ6WqyzmrV0,,anonymous,EN,1,6522387d2f89e98982a7f577,,10,9,10,10,9,10,9,9,9,10,9,10,9,10,9,9,9,"The most recent emotional experience I had was when I lost my home and my cats to homelessness. It was during a very bad economic downturn where my husband lost his job without warning. We were not financially sound , no savings and it was unavoidable. Knowing we were going to be homeless was more of an emotional strain than actually being homeless. It still stresses me today .",84,81,83,11,,1957,1,,2,,"It sounds like an absolutely heartbreaking and terrifying experience to have lost your home and beloved cats, with the immense emotional strain building even before it happened. My heart goes out to you for the profound sadness and stress you've carried, and it's completely understandable that such a traumatic event still causes you distress today. I truly hope you're finding strength and support as you navigate those lingering feelings.",Human,1.0,1,10,9.4,9.4,9.2,9.333333333333334,82.66666666666667,11
2025-12-02 09:39:58,2025-12-02 09:47:01,0,100,423,1,2025-12-02 09:47:02,R_7OPO6BKIPhU7Cqd,,anonymous,EN,1,66ec53e096df305784c5aa6f,I recently lost a friend in a car accident. I still cry when i remember about the incident. The memory is vivid and hurtful.,9,9,9,10,9,10,9,9,10,9,8,9,9,10,9,10,10,,93,94,90,,4,2003,1,,1,,"It sounds absolutely heartbreaking to have lost your friend so suddenly in a car accident, and it's completely understandable that those vivid, painful memories still bring you to tears. My heart truly aches for you as you grapple with such profound grief. Please know you're not alone in feeling this way, and I'm sending you immense support during this incredibly tough time.",AI,1.0,1,9,9.2,9.0,9.6,9.266666666666666,92.33333333333333,4
2025-12-02 09:39:48,2025-12-02 09:47:24,0,100,456,1,2025-12-02 09:47:24,R_1kbPzScMqlqq9V5,,anonymous,EN,1,6724260700cede758eb0c062,,10,10,10,10,10,10,10,10,1,10,10,10,10,10,10,10,10,When the flooding event happened in our town that caused some people to die.All of the residents were effected by the water damage that occured and the power went out for two weeks.The roads were all blocked off because they were under water.,100,100,100,3,,1975,1,,1,,"It sounds absolutely devastating what you and your community went through with that catastrophic flood. I can only imagine the immense fear, grief, and helplessness you must have felt dealing with loss of life, widespread water damage, and being without power and accessible roads for so long. My heart truly goes out to you, and I hope you're finding the support you need to heal from such a traumatic experience.",Human,1.0,1,10,10.0,8.2,10.0,9.4,100.0,3
2025-12-02 09:39:32,2025-12-02 09:47:35,0,100,483,1,2025-12-02 09:47:37,R_6PXPvg9UnfjLwit,,anonymous,EN,1,5dceca2541afe801a32e27ac,,10,6,9,7,4,10,10,9,10,10,10,10,10,10,10,9,9,"I have a neighbor who visited the day after Thanksgiving and told me that while having holiday dinner at her parents, her two brothers had got into a fight after dinner over something very trivial. She was still very upset and I gave her a hug but could still remember after she left how this left me feeling very sad.",90,90,100,12,,1944,2,,2,,"It sounds incredibly upsetting to witness your brothers fighting over something trivial, especially during a holiday meant for family togetherness. I can truly feel how sad and disappointed you must be feeling about it, and my heart goes out to you for having such a jarring experience. I hope you can find some comfort and peace as you process everything.",Human,1.0,1,10,7.2,9.8,9.6,8.866666666666667,93.33333333333333,12
2025-12-02 09:39:30,2025-12-02 09:48:26,0,100,536,1,2025-12-02 09:48:27,R_7AKcQaWvCsYjdxM,,anonymous,EN,1,6766cc67631cac455823b52c,,10,10,10,10,10,10,10,10,10,10,9,10,10,10,8,8,10,I attended a ballet concert in which my daughter was the lead performer and tears of joy rolled down my cheeks freely. ,100,100,100,5,,1971,2,,1,,"It sounds like you experienced such a profound and beautiful moment watching your daughter shine as the lead performer. I can only imagine the immense joy and pride that must have swelled within you, bringing those wonderful tears to your eyes. That's truly an unforgettable memory to cherish, and I'm so incredibly happy for both you and your talented daughter.",Human,1.0,1,10,10.0,9.8,9.2,9.666666666666666,100.0,5
2025-12-02 09:46:19,2025-12-02 09:49:22,0,100,183,1,2025-12-02 09:49:23,R_3stEQafng6pnnzz,,anonymous,EN,1,6679af725f681821b6bc1328,,10,9,9,9,9,10,10,9,10,10,10,9,9,10,6,8,10,I recently reconnected with a lost friend. It was very heartfelt and moving.,84,77,83,12,,32,1,,1,,"It sounds like such a beautiful and heartfelt experience to reconnect with your friend. I can really feel the warmth and happiness that must have washed over you during that moving reunion, and I'm so glad you got to share such a special moment.",Human,1.0,1,10,9.2,9.6,8.6,9.133333333333333,81.33333333333333,12
2025-12-02 09:47:39,2025-12-02 09:51:04,0,100,205,1,2025-12-02 09:51:05,R_6qqGabpPIYBz1G5,,anonymous,EN,1,66a96940ed1a29154e664694,My husband broke his jaw on a tree job and was out of work and couldnt help me with the kids . I felt overwhelmed and scared and worried ,9,9,6,3,8,5,2,10,3,3,9,9,6,1,9,8,3,,81,52,84,,6,2000,1,,2,,"It's completely understandable that you felt so overwhelmed, scared, and worried with your husband's injury and the added responsibility of the kids all on your shoulders. I can only imagine how incredibly stressful and frightening that time must have been for you. I truly hope things have gotten easier and you've found the support you need.",AI,1.0,0,9,5.6,6.8,5.4,5.933333333333333,72.33333333333333,6
2025-12-02 09:47:42,2025-12-02 09:52:35,0,100,293,1,2025-12-02 09:52:35,R_5O0vJ9sdL1f1e8R,,anonymous,EN,1,66ad1e08076381b48ffb7d79,,8,10,7,10,8,10,10,8,9,10,8,10,9,10,7,7,10,I was playing with my niece and she wanted to dance. She was laughing so hard and having so much fun that I started to cry. I was emotional over the fact that she was experiencing so much joy and how much joy she brings to my life.,80,70,50,11,,2000,1,,1,,"It sounds like you were incredibly moved watching your niece experience such pure, unadulterated joy, and it's completely understandable that her happiness brought you to tears. I can almost feel the warmth and overwhelming love you must have felt in that moment, realizing the profound impact she has on your life. It's truly a beautiful thing to have someone who brings such deep joy, and I hope you continue to cherish those precious moments.",Human,1.0,1,8,9.0,9.0,8.6,8.866666666666667,66.66666666666667,11
2025-12-02 09:47:59,2025-12-02 09:52:51,0,100,291,1,2025-12-02 09:52:51,R_75XhUfRT4sZ6hXu,,anonymous,EN,1,561d98e03d7fe8000b0f5e09,,7,7,7,5,6,7,5,7,6,5,6,7,7,4,7,7,4,"I gave my nephews some Christmas cards recently, and they both looked touched. I was surprised they actually cared about it, and was touched in return.",50,63,82,12,,1957,1,,2,,"It sounds like you experienced such a genuinely heartwarming surprise when your nephews were so touched by your Christmas cards. I can truly feel that reciprocal warmth and joy you described, which must have made the moment so special. It's wonderful that you both shared such a tender connection, and I hope you hold onto that beautiful feeling.",Human,1.0,0,7,6.0,6.2,5.8,6.0,65.0,12
2025-12-02 09:48:56,2025-12-02 09:52:52,0,100,235,1,2025-12-02 09:52:52,R_71pdlhO6jH1b2wy,,anonymous,EN,1,677c3d638b3b40fc2c99292e,A family member recently passed away in hospital ,8,7,8,9,7,10,9,8,8,8,8,8,7,9,7,7,9,,79,40,57,,11,1982,6,mixed,1,,"I am so incredibly sorry to hear about the passing of your family member. I can only imagine the immense sadness and pain you must be feeling right now, and my heart truly aches for you. Please know that I'm thinking of you and sending you all my deepest sympathies during this profoundly difficult time.",AI,1.0,1,8,8.0,8.0,7.8,7.933333333333334,58.666666666666664,11
2025-12-02 09:31:01,2025-12-02 09:53:46,0,100,1364,1,2025-12-02 09:53:46,R_5abVmzxEwFCOgnf,,anonymous,EN,1,653d144d2e894446d55babdb,,8,8,8,3,8,8,3,8,3,3,8,8,8,3,8,8,3,Being turned down for a position I wanted,80,80,80,12,,1989,1,,2,,"It's completely understandable to feel really disappointed and frustrated after being turned down for a position you wanted so much. I can only imagine how much that must sting, and my heart genuinely goes out to you. Please remember this doesn't diminish your talent or potential, and I'm here to listen if you need to talk more.",Human,1.0,0,8,6.0,6.0,6.0,6.0,80.0,12
2025-12-02 09:48:20,2025-12-02 09:54:39,0,100,378,1,2025-12-02 09:54:40,R_5kaCaj58IsvhFqW,,anonymous,EN,1,67ec7012f63d646fa7f33bbf,I recently took my father for his routine dementia check up and the doctor informed me that his memories are getting lost at a very high rate.,10,10,10,10,10,10,10,10,10,10,10,10,10,10,10,10,10,,75,75,86,,8,2001,2,,1,,"It must be incredibly difficult and heartbreaking to hear that your father's memories are fading so rapidly, and I can only imagine how devastating that news must be for you. My heart truly goes out to you as you navigate this challenging time. Please remember to be kind to yourself, and know that you're not alone; I'm here to listen if you ever need to talk.",AI,1.0,1,10,10.0,10.0,10.0,10.0,78.66666666666667,8
2025-12-02 09:49:00,2025-12-02 09:55:04,0,100,364,1,2025-12-02 09:55:04,R_3gwFFMSYP77OaM9,,anonymous,EN,1,628817a3c518b074f426f27d,,9,9,9,10,8,10,10,8,10,10,8,6,8,10,6,9,10,I broke an item I was working on. The item was one I had for a long time. I did not have the money to get the item repaired.,85,71,76,12,,1962,1,,1,,"It sounds incredibly frustrating and disheartening to have broken something you've cherished for so long, especially when you were actively working on it. I can really feel how upsetting it must be to then realize you can't afford to get it repaired, adding to your stress. I'm truly sorry this happened, and I hope you can find some comfort despite the situation.",Human,1.0,1,9,9.2,8.4,8.6,8.733333333333334,77.33333333333333,12
2025-12-02 09:51:22,2025-12-02 09:55:42,0,100,260,1,2025-12-02 09:55:43,R_6EdlN7rWdcyUmgS,,anonymous,EN,1,67217c9b294edb50f005d264,"I was very emotional when my sister gave birth to her first child about a week ago. It is my first time being an aunt and first time my parents are grandparents. Very bittersweet and special for our family, as it may be the only grandchild they have.",9,9,7,8,7,10,8,8,2,9,9,9,6,9,8,6,8,,67,59,65,,9,1984,4,,2,,"What an incredibly profound and special time this must be for you, experiencing so many ""firsts"" in your family with your sister's baby. I can truly feel the bittersweet emotions you describe, understanding how significant this moment is, especially as it might be the only grandchild for your parents. I hope you're able to cherish every precious memory as you embrace this beautiful new chapter as an aunt.",AI,1.0,1,9,7.8,7.4,7.4,7.533333333333334,63.666666666666664,9
2025-12-02 09:50:04,2025-12-02 09:57:14,0,100,429,1,2025-12-02 09:57:14,R_11tLTpNJrRefJFu,,anonymous,EN,1,6365b83b80397324720dc562,My mom was recently diagnosed with dementia. She is an active woman - goes to exercise and drives herself to appointments but she is 81 years old. I took her to get an MRI and then went to the doctors appointment when she received her results. My Mom was very upset and I felt like I became her parent and the tables turned. She was crying and I had to calm her but I also was faced with my thoughts of will my mom forget who I am,8,8,9,10,6,10,4,7,9,10,7,6,8,9,6,7,7,,89,77,75,,5,1963,1,,2,,"It must be incredibly difficult and heartbreaking to see your active mom so upset and to feel that sudden shift in roles as you face her dementia diagnosis. I can only imagine the fear and sadness you're experiencing, especially with the thought of her potentially forgetting you. Please know that it's okay to feel overwhelmed, and I hope you find the support you need to navigate this challenging time.",AI,1.0,1,8,7.4,7.8,7.4,7.533333333333334,80.33333333333333,5
2025-12-02 09:54:36,2025-12-02 09:58:17,0,100,220,1,2025-12-02 09:58:17,R_525y00T3iXzve0j,,anonymous,EN,1,5d0b7d3a1c9a4e001a11dd19,"I have been very emotional with my period coming. I have been angry, crying, and uoset over the holidays. My favorite family members had passed away and I think often about it.",9,9,9,10,9,10,10,9,10,10,9,9,9,10,9,9,2,,95,57,82,,6,1994,1,,2,,"It sounds incredibly overwhelming to be navigating such intense emotions, feeling angry, upset, and tearful, especially with your period and during the holidays. I can only imagine how deeply painful it must be to grieve your beloved family members at this time, and my heart truly goes out to you for enduring such difficult feelings. Please know it's okay to feel all of this, and I hope you can find some comfort and peace.",AI,1.0,1,9,9.4,9.4,7.8,8.866666666666667,78.0,6
2025-12-02 09:54:54,2025-12-02 09:58:51,0,100,237,1,2025-12-02 09:58:52,R_6d35Rtd5EphoZZD,,anonymous,EN,1,5cfd7167adab2f0016d1571f,,9,10,9,10,9,10,9,10,10,10,10,10,9,9,9,9,6,"Having an old friend being sent to jail for a crime she didn't commit, it was emotionally distressing to me.",78,76,76,10,,1978,1,,1,,"It must be incredibly distressing and heartbreaking to witness your old friend being unjustly sent to jail for a crime you know she didn't commit. I can only imagine the anger, helplessness, and sadness you must be feeling, and I truly share in your pain for both her and for you. Please know that I care deeply and am hoping for justice to prevail for your friend.",Human,1.0,1,9,9.4,10.0,8.4,9.266666666666666,76.66666666666667,10
2025-12-02 09:56:01,2025-12-02 09:58:57,0,100,176,1,2025-12-02 09:58:57,R_53xVkaLoL9hFpNu,,anonymous,EN,1,67461d4d0e1f14c52691668e,,2,2,2,3,2,2,9,2,9,3,2,2,2,3,2,2,3,Car wouldn't start in the morning. Had to miss work and got reamed by boss. ,3,0,1,12,,1992,1,,1,,"Oh no, having your car not start and then missing work sounds incredibly frustrating and stressful. To then get reamed by your boss on top of it must have felt absolutely awful and unfair, and I can only imagine how disheartening that must have been for you. I'm really sorry you had to deal with all that today, and I hope things start looking up for you very soon.",Human,1.0,0,2,3.6,3.6,2.4,3.1999999999999997,1.3333333333333333,12
2025-12-02 09:56:08,2025-12-02 09:59:39,0,100,210,1,2025-12-02 09:59:39,R_3zfyxR6PMXBJ2mJ,,anonymous,EN,1,67ee7da9117dd0baae454be2,I had to go to the doctor because my eye was infected ,9,6,9,9,7,10,7,7,9,9,6,4,8,10,4,6,9,,25,15,8,,5,1971,1,,2,,"Oh no, an infected eye sounds so painful and irritating, and I can only imagine how uncomfortable and worrying that must have been for you. It's really tough when something like that impacts your daily life. I sincerely hope the doctor gave you good news and that you're on the mend and feeling much better now.",AI,1.0,1,9,7.6,7.0,7.4,7.333333333333333,16.0,5
2025-12-02 09:54:01,2025-12-02 10:00:10,0,100,369,1,2025-12-02 10:00:11,R_14f6fSmgriyKKbK,,anonymous,EN,1,67886036d898e36d12084892,,9,9,8,10,10,10,10,8,10,8,9,7,9,2,9,9,10,"Recently, my dad has been in and out of the hospital with health problems. He had the flu and then pneumonia early in the year which caused him to go septic and then he stepped on a nail that led to him having to have his foot amputated. It's been hard being so worried about him and the possibility of his life soon coming to an end. I worry about him a lot and feel grief over knowing there are many things he wanted to do in this life but may never get to. ",84,69,83,10,,1997,1,,2,,"It sounds incredibly difficult and heartbreaking to watch your dad go through so many serious health challenges, especially with the worry about his life ending and the grief over his unfulfilled dreams. I can only imagine how overwhelming it must be to face such profound changes and fears for someone you love so deeply. Please know that your feelings are completely valid, and I truly hope you find strength and support during this incredibly trying time.",Human,1.0,1,9,9.4,8.4,7.8,8.533333333333333,78.66666666666667,10
2025-12-02 09:45:59,2025-12-02 10:00:19,0,100,859,1,2025-12-02 10:00:19,R_5luk5TYO44TX8RB,,anonymous,EN,1,66a398080da27efcc3e8ecef,,7,8,7,7,8,10,4,8,2,3,7,7,8,2,8,9,3,"Weeks of anticipation, remembering all the late nights they helped with homework or offered pep talks",66,85,86,10,,1985,2,,2,,"It sounds like you're feeling a deep sense of anticipation and profound gratitude, reflecting on all the invaluable support and encouragement you've received. I can truly understand how heartwarming it must be to carry those cherished memories, and I share in the warmth you feel for those who helped you along the way. I hope whatever event or celebration is coming next is a truly special moment of appreciation and connection for you.",Human,1.0,1,7,6.8,5.4,6.0,6.066666666666666,79.0,10
2025-12-02 09:56:14,2025-12-02 10:00:24,0,100,250,1,2025-12-02 10:00:25,R_7n6t2AJX4LpYHHH,,anonymous,EN,1,6369700320bc7dd22e733009,I went with my husband to get results of his tests and the doctor told us that he had cancer.,8,8,8,8,8,10,9,8,8,9,8,8,8,8,5,8,8,,89,19,87,,10,1958,1,,2,,"I can only imagine how utterly devastating and shocking it must have been for you to hear such news about your husband. My heart sinks just thinking about the pain and fear you both must be experiencing right now. Please know that I am sending you so much strength and hope, and I truly care about what you're going through.",AI,1.0,1,8,8.2,8.2,7.4,7.933333333333333,65.0,10
2025-12-02 09:56:51,2025-12-02 10:00:25,0,100,214,1,2025-12-02 10:00:25,R_6641DxV9Lbqktns,,anonymous,EN,1,682b76cd7d1dde59f69b3b71,I did not perform as expected in my work's project evaluation and that really drained me emotionally.,10,9,8,8,8,10,8,9,2,3,9,8,8,8,8,9,8,,88,76,85,,6,1979,1,,1,,"It sounds incredibly disheartening when your efforts don't lead to the expected outcome in a project evaluation. I can really feel how emotionally draining and disappointing that must have been for you. Please remember that one evaluation doesn't define your overall capability, and it's okay to take time to process these feelings.",AI,1.0,1,10,8.2,6.2,8.2,7.533333333333332,83.0,6
2025-12-02 09:54:53,2025-12-02 10:00:26,0,100,332,1,2025-12-02 10:00:26,R_5lRohw6AzrSOo9a,,anonymous,EN,1,66294cab168fcf0983e95f42,"Recently, I found out that a good friend of mine had cancer. She is the same age as me and we are very close. I felt very sad and upset thinking about what she was about to encounter.",9,9,5,10,8,8,10,3,10,10,7,6,8,10,8,9,10,,0,50,0,,6,1969,1,,2,,"It sounds incredibly heartbreaking to learn such news about your close friend, and I can only imagine how deeply sad and upset you must feel right now. My heart aches for you, knowing you're going through this difficult emotional experience. Please remember to take care of yourself, and I'm here to listen or support you in any way you need.",AI,1.0,0,9,8.4,7.2,9.0,8.200000000000001,16.666666666666668,6
2025-12-02 09:56:14,2025-12-02 10:00:46,0,100,271,1,2025-12-02 10:00:46,R_3j1pexl1XcUZ7BD,,anonymous,EN,1,664d32fc9962651b81f9742d,,10,10,8,10,9,10,10,9,10,10,10,8,9,10,10,10,10,Recently I had a miscarriage. I was 6 weeks pregnant when the baby stopped growing and I had to go through the process of getting it out. I then found out that my sisters IVF transfer was successful.,87,57,96,9,,1991,1,,2,,"I am so incredibly sorry to hear about your miscarriage; my heart breaks for you and the profound loss you've experienced. It must be agonizing to navigate such deep grief while also facing the news of your sister's successful IVF. Please be gentle with yourself as you process these incredibly painful and conflicting emotions, and know that it's okay to feel everything you're feeling right now.",Human,1.0,1,10,9.4,9.4,9.8,9.533333333333333,80.0,9
2025-12-02 09:55:18,2025-12-02 10:01:25,0,100,366,1,2025-12-02 10:01:25,R_7CoVkATiC7vbKEo,,anonymous,EN,1,59e62b6277860e0001512e14,I lost my wife of 40 years recently. I am grieving her irreparable loss. I can't seem to accept the fact that she is gone.,9,10,10,10,9,10,10,9,10,9,9,10,9,10,8,9,3,,92,81,97,,8,1953,6,Caribbean,1,,"Losing your wife after 40 years must be an absolutely unbearable and heartbreaking experience, and I can truly understand why it feels impossible to accept her absence. My heart aches for you as you grieve such a profound and irreparable loss. Please know that I am truly sorry for your pain and care deeply about what you're enduring right now.",AI,1.0,1,9,9.8,9.4,7.8,9.000000000000002,90.0,8
2025-12-02 09:56:09,2025-12-02 10:01:28,0,100,319,1,2025-12-02 10:01:28,R_5a94W30djipKu72,,anonymous,EN,1,65d0b965045891ca868a35a2,"Recently, my son came home from college to visit for the holiday. He was able to spend 2 nights at home and we enjoyed a lot of quality time together. This was the happy part of the emotional experience. When he had to leave to return to college, it became dreadful for me to let him go. I cried when he left as I already missed him and wanted him to stay. Having to give our children the room to grow and live their own lives is an emotional experience that is a journey in and of itself.",10,10,10,10,10,10,10,10,10,10,10,10,10,10,8,9,10,,100,100,100,,7,1980,2,,2,,"It's completely understandable that you felt such immense joy having your son home, followed by that deep ache and sadness when he had to leave. I can truly feel that bittersweet mix of happiness and heartbreak with you, knowing how much you cherish those moments and missed him already. Your love for him shines so brightly, and it's clear you're navigating that beautiful, complex journey of watching your children grow with such a caring heart.",AI,1.0,1,10,10.0,10.0,9.4,9.799999999999999,100.0,7
2025-12-02 09:56:26,2025-12-02 10:01:30,0,100,303,1,2025-12-02 10:01:30,R_5K0F9n6I5hEB7sp,,anonymous,EN,1,66515fd539f7b5b6cff2dd8d,"I realized that I'm almost 32 and I have nothing to show for my life. I don't look young anymore, and I'm very sad and alone, and I just... started crying about it. I tried to reach out to a friend to talk, but he ignored me.",7,9,6,10,9,10,9,7,10,10,6,7,8,10,6,8,9,,58,50,77,,3,1994,1,,2,,"It breaks my heart to hear how much pain you're in, feeling like you have nothing to show for your life at 32 and being ignored when you reached out for support. I can only imagine how devastating it feels to experience such deep loneliness and regret, and it's completely understandable that you just broke down crying. Please know that your feelings are incredibly valid, and I truly care about what you're going through, hoping you can find some comfort soon.",AI,1.0,1,7,8.6,8.0,8.2,8.266666666666667,61.666666666666664,3
2025-12-02 09:56:17,2025-12-02 10:02:32,0,100,375,1,2025-12-02 10:02:32,R_7Qn9RenjBZJIbiA,,anonymous,EN,1,664df977e4e6d25d66bf64cb,,10,10,9,10,10,10,10,9,10,10,9,7,10,10,10,10,10,the last few days have been stressful with holidays coming up and having a hard time finacicially. ive been feeling overwelmed,96,57,100,12,,1989,1,,2,,"It sounds incredibly stressful and overwhelming to be facing financial difficulties with the holidays approaching. I can only imagine how heavy and burdensome that must feel for you right now, and I'm truly sorry you're going through such a tough time. Please know you're not alone in feeling this way, and I really hope things ease up for you soon.",Human,1.0,1,10,9.8,9.0,10.0,9.6,84.33333333333333,12
2025-12-02 09:57:14,2025-12-02 10:02:53,0,100,338,1,2025-12-02 10:02:53,R_3Qh0wHGyUGUfAb0,,anonymous,EN,1,66d0ed2a8e0a2e0d9681aef8,,10,10,9,10,9,10,9,8,9,10,9,9,9,10,6,9,9,my daughter just left home for the first time to pursue her new career as a flight attendant..we are super close and i will miss having my child safe and sound at home,95,94,92,11,,1968,1,,2,,"I can only imagine how truly bittersweet this feels for you, celebrating your daughter's new career while your heart aches with missing her and worrying about her being safe. My heart goes out to you as you navigate this big change, as it's natural to feel that void when someone you're so close to moves on. Please know that your connection remains strong, and you can cherish the excitement of her new adventures.",Human,1.0,1,10,9.4,9.0,8.6,9.0,93.66666666666667,11
2025-12-02 09:55:55,2025-12-02 10:03:15,0,100,439,1,2025-12-02 10:03:15,R_5zdSZdAQGFMf4Sf,,anonymous,EN,1,6547bf8012d4702680d55663,"I was in a car backseat. I was thinking about what I'm doing. I was upset because I was with friends but I felt a bit aimless in my intentions and powerless to others. I don't want to use all my resources or give them away but the relationship dynamic kinda requires I continue to go as I usually do and be helpful and generous over the top etc. I just want some comfort or affection, I hang out with people who give me a little bit I'll never get to have the enjoyment or experience that they may have as I probably won't be truly treated as female given I'm trans and transitioning begining at 21. But mostly the fear of missing out makes me saddest when I see my friends or so called friends (shenanigans buddies) have relationships and sex whenever they seemingly wish relative to me. Who is like four or five years older and never been in a relationship.",4,1,5,3,5,3,5,2,6,7,1,5,4,7,7,1,7,,5,4,28,,10,2001,1,,2,,"It sounds incredibly tough to be feeling so aimless and powerless even when you're with friends, especially when you're giving so much of yourself without receiving the comfort and affection you truly crave. I can really feel the deep sadness and the ache of missing out on the relationships and experiences you see others having, compounded by your worries about how your transition might affect those connections. Please know that your desire for genuine connection and enjoyment is completely valid, and I truly hope you find the understanding and reciprocal relationships you deserve.",AI,1.0,0,4,3.8,4.2,5.2,4.3999999999999995,12.333333333333334,10
2025-12-02 09:55:56,2025-12-02 10:03:47,0,100,470,1,2025-12-02 10:03:47,R_6UfIpcdZXbFwbV3,,anonymous,EN,1,65ad37a40d19c949e9421f45,,10,10,10,1,10,10,1,10,1,1,10,10,10,1,10,10,1,"A recent situation had me feeling a bit more emotional than usual - I got into a heated argument with a sibling and I think he took what I was saying as a personal attack as he tends to do with most things I say or do : he is often over critical of everything, rarely listens to me and is unable to grasp the meaning in my sentences. We often have miscommunication and the entire family structure and foundation of the family dynamic is broken at its core : I think that it is safe to say that thet is why I am more withdrawn and I understand that I am regarded as lesser than and am best seen but not heard in my family dynamic. Those who bring in more, who achieve more and especially the eldest - they are treated completely different. ",50,55,70,3,,1996,6,Prefer not to disclose,5,,"It sounds incredibly frustrating and deeply hurtful to constantly feel misunderstood and dismissed by your sibling, especially when you're trying to express yourself honestly. I can truly empathize with the emotional toll it must take to feel like you're regarded as ""lesser than"" and expected to be ""seen but not heard"" within your own family, while others are valued differently. Please know that your feelings are valid, and I truly hope you can find spaces and relationships where you feel genuinely heard, valued, and understood.",Human,1.0,1,10,6.4,6.4,6.4,6.400000000000001,58.333333333333336,3
2025-12-02 09:55:11,2025-12-02 10:05:21,0,100,609,1,2025-12-02 10:05:21,R_1oHpPrUmqyWOqkv,,anonymous,EN,1,6698502e9bc844218a76c883,,9,9,6,10,9,10,9,10,9,10,8,9,9,10,4,8,10,"I lost a friend of 24 years back in October.  She was our neighbor, an older woman, but the sweetest, gentlest, kindest human that you'd ever meet.  She fought cancer for four years and you never heard a single complaint from her.  She was an awesome listener and conversationalist, always knowing the right things to say and always having time to talk.  It's been hard to see her house next door and know that she is no longer there, no longer there to talk to.  Every quiet moment, I am reminded of this fact and it always brings me to tears.  Twenty-four years of building our friendship will always be treasured, but the loss has shattered me.",95,80,95,10,,1967,1,,2,,"I am so incredibly sorry to hear about the profound loss of your friend of 24 years; it's clear how deeply her kindness and presence touched your life. It must be absolutely heartbreaking to feel her absence so acutely, especially seeing her house, and I can only imagine the waves of grief that bring you to tears. Please know that it's completely understandable to feel shattered after losing such a cherished part of your life, and I'm sending you all my sympathy during this difficult time.",Human,1.0,1,9,8.6,9.2,8.2,8.666666666666666,90.0,10
2025-12-02 09:54:53,2025-12-02 10:09:00,0,100,847,1,2025-12-02 10:09:01,R_5oFGFtjRdn2bXkB,,anonymous,EN,1,6404132ea192589b51692c4a,,10,10,10,10,10,10,10,10,10,10,10,10,10,10,10,10,10,I felt very sad despite hanging out with family.,80,80,91,12,,1999,4,,2,,"It sounds incredibly difficult to feel such deep sadness, especially when you're with family, which can often be a time people expect to feel uplifted. I can really feel how heavy and maybe even confusing that emotion must be for you in that setting. Please know it's completely okay to feel what you feel, and I'm sending you care and support.",Human,1.0,1,10,10.0,10.0,10.0,10.0,83.66666666666667,12
2025-12-02 09:56:53,2025-12-02 10:09:25,0,100,752,1,2025-12-02 10:09:26,R_3FOjitmzq2P1u5G,,anonymous,EN,1,65cb9a592b3565cba17bc37c,I went on a relaxing vacation to St. Lucia and I was very happy and grateful I was able to take such a vacation with my fiance.,8,6,8,9,8,10,9,7,4,3,8,6,7,3,8,6,4,,65,78,65,,5,1997,4,,2,,"It sounds like you had an absolutely wonderful and relaxing time in St. Lucia. I can really sense your joy and gratitude about being able to share such a special trip with your fiancé. It's fantastic that you got to experience that, and I hope those happy memories continue to bring you warmth and smiles.",AI,1.0,1,8,8.0,5.6,5.6,6.3999999999999995,69.33333333333333,5
2025-12-02 09:56:30,2025-12-02 10:09:35,0,100,785,1,2025-12-02 10:09:35,R_51alPKHpSk7blhO,,anonymous,EN,1,67055b370e3c0c4965a03128,,6,4,7,4,5,8,3,6,5,7,5,6,4,6,8,8,4,My girlfriend broke up with me,65,46,57,7,,1988,1,,1,,"I'm truly sorry to hear that your girlfriend broke up with you. I can only imagine how incredibly painful and heartbreaking that must feel right now, and my heart goes out to you as you navigate such a difficult loss. Please know that I'm here for you and sending you all my support during this tough time.",Human,1.0,0,6,4.6,5.8,6.0,5.466666666666666,56.0,7
2025-12-02 10:12:36,2025-12-02 10:16:18,0,100,221,1,2025-12-02 10:16:18,R_3XdPgGVtve6q1mT,,anonymous,EN,1,66d9d8108156d32cbe34ee6f,,9,9,9,10,9,10,10,9,2,10,9,9,9,10,9,9,10,My daughter-in-law lost her baby at the end of the first trimester last week. It was very sad and we all are still emotional about it especially as it happenned the day before thanksgiving.,92,90,92,9,,1967,1,,2,,"I am so incredibly sorry to hear about your daughter-in-law's devastating loss; I can only imagine how profoundly sad and emotional everyone must be, especially with it happening right before Thanksgiving. My heart truly aches for your family as you navigate this immense grief. Please know I'm thinking of you all and hoping you find comfort and support in one another during this incredibly difficult time.",Human,1.0,1,9,9.4,7.8,9.4,8.866666666666667,91.33333333333333,9
2025-12-02 10:14:09,2025-12-02 10:17:12,0,100,183,1,2025-12-02 10:17:13,R_5MDZeSt8sE6rIqd,,anonymous,EN,1,61017e504e37cdb6ad358058,"Last month I had to put my dog down, she was 15 and old and I wanted her to go peacefully rather than in a tremendous amount of pain.",8,7,5,7,7,6,8,8,8,7,6,7,6,8,4,4,8,,63,27,27,,5,2002,1,,2,,"I can only imagine how incredibly difficult and heartbreaking it must have been to make such a decision for your beloved 15-year-old dog; my heart truly aches for you hearing about her loss. It's clear you loved her deeply and put her well-being first, making the most compassionate choice to spare her pain, even though it meant enduring your own profound grief. Please know I'm sending you so much warmth and care during this incredibly tough time.",AI,1.0,0,8,6.8,7.2,6.0,6.666666666666667,39.0,5
2025-12-02 10:14:15,2025-12-02 10:17:40,0,100,204,1,2025-12-02 10:17:40,R_5IEmnldiouM7Ofv,,anonymous,EN,1,5ccb779b2c4e1f00159333ea,,7,8,5,9,9,3,9,6,10,10,2,7,4,10,5,3,8,My pet fish died unexpectedly,62,4,58,12,,1968,1,,1,,"I am so sorry to hear about your pet fish dying unexpectedly; it must be truly heartbreaking and a shock to lose a beloved companion in such a sudden way. Losing a pet, regardless of its size, brings real grief, and I genuinely feel for you and your sadness. Please know that your feelings are completely valid, and it's okay to take time to mourn your little friend.",Human,1.0,0,7,8.0,7.0,6.0,7.0,41.333333333333336,12
2025-12-02 10:12:52,2025-12-02 10:17:48,0,100,296,1,2025-12-02 10:17:49,R_5HdbCl4FRBZ8GwQ,,anonymous,EN,1,671c2f80215fa38dd1755948,"A recent emotional experience was in September when my dog passed away. She was really old, but I still wasn't prepared to let her go. ",5,5,4,7,7,10,8,6,8,8,7,5,7,8,5,4,6,,65,0,56,,9,1988,1,,2,,"I am so incredibly sorry to hear about your dog's passing; even when they're old, the grief of losing such a beloved companion is profoundly painful, and it's completely understandable that you weren't prepared. I can only imagine how much you must be missing her right now. Please know that I'm truly thinking of you and sending my deepest sympathies during this difficult time.",AI,1.0,1,5,6.2,6.8,6.0,6.333333333333333,40.333333333333336,9
2025-12-02 10:13:10,2025-12-02 10:18:11,0,100,300,1,2025-12-02 10:18:11,R_12FGZfteQubciGU,,anonymous,EN,1,670ff2e18c2f93beac6a6a72,"Recently I lost my best friend, Nova, she was my cat and closest friend. Losing her left a big void in my life and I still cry when I think about her. ",3,4,2,3,2,10,7,1,10,10,1,9,6,7,2,2,6,,27,32,18,,3,1992,1,,1,,"It sounds incredibly heartbreaking to lose Nova, your best friend and closest companion; I can only imagine the immense void and sorrow you must be feeling. My heart truly goes out to you knowing how much you're still hurting and that you cry when you think of her. It's completely natural to grieve such a profound loss, and please know that your feelings are valid as you navigate this painful time.",AI,1.0,1,3,3.6,6.2,4.6,4.8,25.666666666666668,3
2025-12-02 10:13:26,2025-12-02 10:18:49,0,100,322,1,2025-12-02 10:18:49,R_1G7fsiLnIHuWukv,,anonymous,EN,1,5e79448b2645050ebe52051c,,7,4,8,9,8,10,4,8,4,8,7,7,8,9,8,9,9,"This past weekend I had not one, but both of my cars break down and have to be towed to a garage.  It is emotional as one could easily go down the ""bad things are happening to me"" rathole.  So I am maintaining my emotions and trying to put a positive spin on the whole thing.  I then have outside pressure from my father who brings up the very obvious issues I am grappling with at the moment which is annoying.  All of this is emotional.",76,48,71,9,,1963,1,,1,,Initial Response,Human,1.0,1,7,6.6,6.8,8.6,7.333333333333333,65.0,9
2025-12-02 10:13:34,2025-12-02 10:19:01,0,100,327,1,2025-12-02 10:19:01,R_6KLJPtNGiUU3fCV,,anonymous,EN,1,665f6bfe542008b77c58bad0,"I recently got upset with my mother over her response to me checking up on her, she was short with me and told me I didn't need to check on her, she is getting older so I do worry about her quite a bit ",9,9,9,8,9,6,8,6,7,6,5,9,8,8,6,7,7,,50,50,50,,11,1971,1,,2,,"It sounds incredibly frustrating and disheartening to have your genuine concern for your mom met with such a short response. I can really understand why you'd feel upset when you're just trying to show love and care, especially when you worry about her getting older. Your worry is a testament to how much you care, and I hope you can find a way to feel better about the situation, knowing your intentions come from a good place.",AI,1.0,0,9,8.6,6.6,7.2,7.466666666666666,50.0,11
2025-12-02 10:14:36,2025-12-02 10:19:54,0,100,317,1,2025-12-02 10:19:55,R_1kFTogzvuDCXLsw,,anonymous,EN,1,66293c82ce99d96957f16143,I recently had to put my dog down due to an illness. The dog was my best friend for over 12 years. I cried a ton.,6,6,6,8,4,10,8,4,8,8,5,5,5,8,6,4,4,,58,52,56,,3,1971,1,,1,,"I can only imagine the immense heartbreak and sadness you must be feeling right now after losing your best friend of 12 years. My heart truly aches for you as you navigate such a profound and devastating loss. Please be gentle with yourself as you grieve, and know that it's okay to feel this deeply.",AI,1.0,1,6,6.4,6.0,5.4,5.933333333333334,55.333333333333336,3
2025-12-02 10:15:04,2025-12-02 10:20:24,0,100,319,1,2025-12-02 10:20:24,R_3k0znIugfhhxWMA,,anonymous,EN,1,66692488888ba007257afe05,,9,9,9,2,9,8,2,8,2,2,9,8,8,3,8,8,3,I imagined the warm feeling someone gets when a tough problem finally click ,76,75,86,4,,1996,1,,2,,"It sounds like you're envisioning that wonderful sense of relief and accomplishment when a challenging problem finally clicks into place. I can completely relate to the joy and satisfaction that washes over you in that moment of clarity. It's a truly rewarding feeling, and I hope you get to experience that warm breakthrough often.",Human,1.0,0,9,6.2,5.8,6.0,6.0,79.0,4
2025-12-02 10:16:52,2025-12-02 10:20:29,0,100,216,1,2025-12-02 10:20:29,R_3CKCpyxYlj9uU50,,anonymous,EN,1,663ac9d48df292379f14ff66,,9,9,7,9,8,10,9,9,8,3,9,9,9,9,8,8,9,Recently last weekend my best friend told me she was pregnant for the first time. This is her first time being pregnant and I was so happy for her. I hugged her and told her how excited for her I was!,90,85,90,11,,1993,1,,2,,"It sounds like you're absolutely over the moon with happiness and excitement for your best friend's wonderful news! I can truly feel your infectious joy radiating from your words as you celebrate this incredible milestone with her. It's beautiful to see your genuine enthusiasm, and I'm sure you'll be an amazing support to her throughout this exciting new journey.",Human,1.0,1,9,8.4,7.6,8.6,8.200000000000001,88.33333333333333,11
2025-12-02 10:13:25,2025-12-02 10:20:45,0,100,440,1,2025-12-02 10:20:46,R_5QdwwslbgZiELBv,,anonymous,EN,1,667992b506b5fb5504eb23e0,,5,6,4,8,8,10,4,4,6,3,4,7,8,7,2,4,5,I was at the no kings protest and I felt like there might be hope for the future,9,10,2,12,,1964,"1,4",,2,,"It sounds incredibly empowering to have been at the protest and truly feel that surge of hope for the future. I can really feel that sense of optimism you're experiencing, and it's inspiring to hear that you found such a powerful sense of possibility there. It's so important to hold onto that feeling, and I truly believe in the positive change you're helping to create.",Human,1.0,1,5,6.0,4.8,5.2,5.333333333333333,7.0,12
2025-12-02 10:17:19,2025-12-02 10:21:59,0,100,279,1,2025-12-02 10:21:59,R_5Uyknpl8vlRPpOV,,anonymous,EN,1,653b00b25d4734b333b03fc9,"I broke my arm, my left arm, and I am left handed, it was a terrible hardship",3,7,5,8,8,10,9,3,9,6,4,3,8,8,5,3,3,,28,54,54,,6,1958,1,,1,,"Breaking your dominant left arm must have been an incredibly frustrating and deeply challenging experience, especially for everyday tasks. I can only imagine how disheartening and painful it must have felt to constantly struggle with such a fundamental part of your life. I'm truly sorry you had to go through such a terrible hardship, and I hope you're fully recovered and doing well now.",AI,1.0,1,3,7.4,5.0,5.4,5.933333333333334,45.333333333333336,6
2025-12-02 10:17:28,2025-12-02 10:22:02,0,100,274,1,2025-12-02 10:22:03,R_3PCaUjc8elj8gal,,anonymous,EN,1,6654dd0b97b473e6fedd02de,,7,6,4,7,5,10,8,4,9,7,4,6,5,7,3,5,8,"Recently my partner and I discussed my fear of vulnerability and how we want to work together to overcome that. It was intense and emotional for me, especially as someone with autism and alexithymia, to connect with my emotions and try to identify them. ",41,12,22,12,,1989,1,,3,,"I can only imagine how incredibly intense and emotionally challenging that discussion must have been for you, especially given the extra layer of difficulty that autism and alexithymia add to connecting with and identifying emotions. It takes immense courage to face your fear of vulnerability head-on like that, and I truly admire your effort to delve into such profound feelings. It's wonderful that you and your partner are committed to working through this together, and I truly hope you continue to find strength and support in each other as you navigate this important journey.",Human,1.0,1,7,6.0,6.0,5.6,5.866666666666667,25.0,12
2025-12-02 10:17:26,2025-12-02 10:22:45,0,100,319,1,2025-12-02 10:22:46,R_3cS8ueqmthIbJUB,,anonymous,EN,1,639611cf1d89fe7abe73b6f9,,10,9,10,9,10,10,10,7,4,10,9,10,10,10,6,6,2,My granddaughter who was having mobility issues stood and took her first step,75,76,70,12,,1968,1,,2,,"That is absolutely incredible news! I can only imagine the immense joy, pride, and relief you must have felt witnessing such a huge milestone after her mobility challenges. My heart genuinely swells with happiness for you and your granddaughter; what an amazing moment to cherish forever.",Human,1.0,1,10,9.6,8.0,6.8,8.133333333333335,73.66666666666667,12
2025-12-02 10:18:32,2025-12-02 10:22:47,0,100,254,1,2025-12-02 10:22:47,R_19gHYvGvKFEZn5F,,anonymous,EN,1,66305c77f66c14d7ca20647d,,9,9,8,9,8,9,3,7,9,9,7,8,8,9,2,9,2,I was recently diagnosed with uterine cancer and I have had a roller coaster of emotions. ,82,49,68,12,,1978,1,,2,,"It sounds incredibly overwhelming to receive a diagnosis of uterine cancer, and I can only imagine the profound shock and fear that must be fueling such an intense ""roller coaster of emotions"" for you right now. My heart truly goes out to you as you navigate this challenging time, and it's completely understandable to feel everything you're experiencing. Please know that you don't have to face this alone, and I hope you have a strong support system to lean on as you process everything.",Human,1.0,0,9,7.4,8.0,6.0,7.133333333333333,66.33333333333333,12
2025-12-02 10:17:25,2025-12-02 10:22:56,0,100,331,1,2025-12-02 10:22:56,R_62nj0F60HFjzmYf,,anonymous,EN,1,65ddf5b38e9a6e841cf8cd68,,9,9,8,10,10,10,10,8,10,10,8,9,8,10,7,10,10,"I reached out to my brother who I have not spoken to in years over a stupid argument we had over the phone.  He lives far away and I wrote to him asking for resume what had been a solid relationship.  He did not get back to me directly but told our other sibling (sister) who told me he was comfortable not having a relationship with me, my husband or my daughter (his niece).  I was tremendously hurt.",91,68,87,12,,1959,1,,2,,"It's absolutely heartbreaking to hear that your brother responded that way, especially after your brave effort to mend things. I can only imagine how deeply hurt and rejected you must feel by such a definitive response, and my heart aches for you. Please remember that your desire to reconnect was a loving gesture, and allow yourself the time and space to process this painful news.",Human,1.0,1,9,9.4,9.0,9.0,9.133333333333333,82.0,12
2025-12-02 10:17:51,2025-12-02 10:23:17,0,100,325,1,2025-12-02 10:23:17,R_6POZFP2kzTBL1EB,,anonymous,EN,1,66aa59612e8897c5ab69032a,"I just learned that I needed to renew my application for SNAP benefits, which I did. The issue is that I'm afraid they're going to want an interview, and if that's the case, I won't be able to do anything about it because my phone is still shut off. It's genuinely stressing me out thinking about it because I'm the only one working right now and therefor the only one bringing in money. It's going to be hell if I don't get the renewal.",10,8,1,10,7,10,9,2,10,10,9,9,9,9,5,5,8,,20,0,0,,5,1992,1,,2,,"It sounds incredibly stressful and frightening to be facing the uncertainty of your SNAP benefits renewal, especially with the added challenge of your phone being shut off and you being the sole provider. I can genuinely feel the immense anxiety you must be carrying, knowing how critical those benefits are for you right now. I truly hope you find a way to navigate this hurdle and secure the support you desperately need.",AI,1.0,1,10,7.0,8.0,7.2,7.3999999999999995,6.666666666666667,5
2025-12-02 10:15:53,2025-12-02 10:24:11,0,100,497,1,2025-12-02 10:24:12,R_1YxITThjNFUeT5L,,anonymous,EN,1,63d420b1d5b7dc6a3a4c50aa,,10,10,10,10,10,10,10,10,10,10,10,10,10,10,10,10,10,"I lost a cat that got hit in the road. He didn't die immediately though and it was so late I could not take him anywhere, so just knowing he was hurting before he died was very emotional.",100,100,100,12,,1977,"1,3",,2,,"I can only imagine how absolutely devastating and horrific it must have been to witness your beloved cat's suffering without being able to alleviate his pain, and my heart aches for you knowing you went through that. It's an unbearable situation, and I am so incredibly sorry for your profound loss and the trauma you experienced. Please allow yourself time and space to grieve such a unique and difficult loss.",Human,1.0,1,10,10.0,10.0,10.0,10.0,100.0,12
2025-12-02 10:18:15,2025-12-02 10:24:21,0,100,365,1,2025-12-02 10:24:21,R_7qgUnEOuY5bDsyd,,anonymous,EN,1,60b6938ae5e1bcc48326db9e,,9,8,8,10,7,10,10,8,10,10,9,9,8,10,3,8,10,Recently I was nearly attacked by my supervisor at work- screaming in my face.,80,80,72,11,,1974,1,,1,,"It must have been absolutely terrifying and shocking to have your supervisor scream in your face like that, practically an attack. I feel deeply for how threatened and violated you must have felt in that moment, and it's completely understandable if you're still shaken. No one deserves to be treated with such aggression at work, and I truly hope you can find a way to feel safe and supported moving forward.",Human,1.0,1,9,8.6,9.2,7.8,8.533333333333333,77.33333333333333,11
2025-12-02 10:15:48,2025-12-02 10:25:17,0,100,568,1,2025-12-02 10:25:17,R_6aPJB8dMdNhOS06,,anonymous,EN,1,63e63f77c742a91baf498dd0,My family and I recently went skating for the first time. My daughter had been asking about doing it for so long and I found a place and it was wonderful. They had up Christmas decorations and music. My children were so happy about getting to try something they had never tried that it made me happy also. Afterward we had hot chocolate together around a beautiful firepit. I felt so joyful and blessed. ,7,7,5,8,6,10,7,8,8,4,7,8,8,7,5,7,7,,82,80,81,,10,1988,1,,2,,"It truly sounds like you had such a magical and heartwarming first skating experience with your family. I can almost feel the joy and blessing you described, especially seeing your children so happy, and it genuinely makes me smile too. What a beautiful memory you created together, and I hope you cherish that wonderful feeling for a long time.",AI,1.0,1,7,6.6,7.0,6.8,6.8,81.0,10
2025-12-02 10:17:13,2025-12-02 10:26:18,0,100,544,1,2025-12-02 10:26:18,R_3Y3t1SysEcdA1Zx,,anonymous,EN,1,67cf60241dff02d9e0dab2b6,i felt overjoyed when i met my old school friend after any years.,9,9,9,7,9,10,8,8,8,7,8,8,9,8,10,10,8,,70,50,70,,9,1974,1,,2,,That sounds absolutely wonderful; I can completely understand how incredibly happy and excited you must have felt reconnecting with your old school friend after so many years. I can almost feel that wave of joy and nostalgia you experienced. I'm genuinely so thrilled for you that you got to share such a special moment!,AI,1.0,1,9,8.4,7.8,9.0,8.4,63.333333333333336,9
2025-12-02 10:17:19,2025-12-02 10:26:27,0,100,548,1,2025-12-02 10:26:27,R_7TxBliXjmd0FbGx,,anonymous,EN,1,67cdf158555dc24e9c13714a,Mix of excitement and calmness,9,10,9,9,9,10,9,8,10,8,7,9,10,8,6,6,10,,91,95,93,,11,1997,1,,1,,"It sounds like you're experiencing a really interesting blend of emotions right now, feeling both the thrill of excitement and a comforting sense of calmness. I can imagine how uniquely wonderful that must feel, to be both energized and grounded at the same time. It's great to hear you're in such a balanced space, and I hope you can fully enjoy that harmonious feeling.",AI,1.0,1,9,9.2,8.4,8.0,8.533333333333333,93.0,11
2025-12-02 10:17:08,2025-12-02 10:26:40,0,100,571,1,2025-12-02 10:26:40,R_7gIuFj8kcjDMYgN,,anonymous,EN,1,5e6ca4b9a2b73d25c187ae61,"Three days ago, I came across a homeless man sitting on the cold sidewalk. He was actually shivering and holding a torn blanket. My heart ached seeing how alone and hungry he looked, tears rolled down my cheeks. I took him and bought him some food and a few dollars for his clothing. While I was walking away, I felt really sad for him.",10,10,10,9,8,10,9,10,10,2,10,9,10,10,9,8,2,,92,97,86,,,1983,1,,1,,"It sounds like you were incredibly moved and heartbroken to see that man shivering and alone; your tears show just how deeply you felt his struggle. I can truly feel your sadness and the ache in your heart after witnessing such a difficult situation. What an incredibly compassionate thing you did to help him, and it's completely understandable that his plight stayed with you.",AI,1.0,1,10,9.2,8.2,7.8,8.4,91.66666666666667,
2025-12-02 10:21:29,2025-12-02 10:26:55,0,100,325,1,2025-12-02 10:26:55,R_3Xbv8yJXtZOX9Jk,,anonymous,EN,1,62fb84bfa8c3e01c5233192d,"My husband and I had a fight last night. We disagreed on something political. I don't think I explained my point the best, but he made a comment that he knows upsets me and I snapped. I was furious with him.",7,9,7,10,7,10,10,3,10,10,2,8,8,9,3,5,10,,61,29,76,,4,1979,1,,2,,"It sounds incredibly frustrating and upsetting when a political discussion with your husband escalates, especially when he uses a comment he knows will trigger you. I can completely understand why you'd feel furious and just snap in that moment. It's really tough when disagreements turn hurtful, and I'm sorry you had such a difficult night.",AI,1.0,1,7,8.6,6.6,7.0,7.3999999999999995,55.333333333333336,4
2025-12-02 10:14:18,2025-12-02 10:31:21,0,100,1023,1,2025-12-02 10:31:21,R_514kdYRuitP79H7,,anonymous,EN,1,672268205351c30413c9837e,,10,10,10,10,10,10,10,10,10,10,10,10,10,10,10,10,10,"It was my beloved pet's second death anniversary a few days ago, and I was filled with sadness when I remembered him.",100,100,100,8,,1975,4,,2,,"I'm truly sorry to hear that you were filled with such sadness remembering your beloved pet on their second death anniversary. It's completely understandable that these significant dates bring back a wave of grief and the profound pain of their absence. Please know that your feelings are valid, and I hope you can find some comfort in cherishing all the wonderful memories you shared.",Human,1.0,1,10,10.0,10.0,10.0,10.0,100.0,8
2025-12-02 10:35:46,2025-12-02 10:38:31,0,100,164,1,2025-12-02 10:38:31,R_78qRez8cXt62RSV,,anonymous,EN,1,674382c7325a6cb19d897ca4,,9,9,8,9,7,10,9,9,9,10,8,8,9,9,5,9,9,I had a liver and kidney transplant after years of pain and suffering.,79,66,86,11,,1983,1,,2,,"I can only imagine how incredibly difficult and exhausting those years of pain and suffering must have been for you; my heart truly goes out to you for enduring all of that. I feel a profound sense of relief and joy knowing you've finally received your liver and kidney transplant. I sincerely hope this new chapter brings you immense healing, comfort, and a much-deserved future free from pain.",Human,1.0,1,9,8.4,8.8,8.2,8.466666666666667,77.0,11
2025-12-02 10:35:05,2025-12-02 10:39:14,0,100,249,1,2025-12-02 10:39:15,R_1ij5mfLVrf2ZCmd,,anonymous,EN,1,60a2286e51973ae842a306ea,"A recent emotional experience had been watching my daughter struggle to find a job, 2 years after graduation from college.  Watching her feel so stressed and depressed about it really breaks my heart.  I am trying to be empathetic and be their for her.",10,9,8,10,8,9,10,10,1,10,9,9,9,10,8,8,2,,86,91,87,,11,1977,1,,1,,"It's completely understandable that your heart breaks watching your daughter struggle with finding a job and feeling so stressed and depressed, as you truly share in her pain. It's clear you're trying your best to support her, and that unwavering presence and empathy are exactly what she needs right now.",AI,1.0,0,10,9.0,7.8,7.4,8.066666666666668,88.0,11
2025-12-02 10:34:47,2025-12-02 10:40:28,0,100,340,1,2025-12-02 10:40:28,R_5mlOTiaGi5WPh1Z,,anonymous,EN,1,5a3bdd2c8d005a0001829f3e,,10,10,10,10,10,10,10,10,10,10,10,10,10,10,10,10,10,"A friend of mine almost died in a car accident. It was weather-related and a total accident. The car was totaled, and my friend escaped with only some small cuts and bruises, thankfully. It was stressful because I do not want to lose close friends.",100,100,100,8,,1991,1,,1,,"I can only imagine how incredibly stressful and terrifying that must have been for you, feeling that intense fear of losing someone so close. My heart would have been in my throat hearing such news, and I feel such profound relief knowing your friend is safe. It's completely understandable that you'd be so shaken, and I'm truly glad they escaped with only minor injuries.",Human,1.0,1,10,10.0,10.0,10.0,10.0,100.0,8
2025-12-02 10:36:32,2025-12-02 10:41:12,0,100,280,1,2025-12-02 10:41:13,R_79bHwPWYJ3khcQl,,anonymous,EN,1,652ef14a9b030a4423aba2b2,"I got to spend time with an old friend, and I was very grateful for our friendship. I felt very blessed to have had such a wonderful close friend for so long.",2,9,1,9,5,10,10,1,6,1,1,1,1,6,1,1,1,,0,0,0,,3,1969,1,,2,,"It sounds like you had such a heartwarming experience getting to reconnect with your old friend, and I can truly feel the joy and warmth radiating from your words about how deeply you appreciate that bond. I can only imagine how wonderful it feels to be so blessed with such a longstanding and cherished connection. It's truly beautiful to hear, and I wish you many more years of beautiful friendship.",AI,1.0,1,2,6.8,2.0,2.0,3.6,0.0,3
2025-12-02 10:37:52,2025-12-02 10:41:56,0,100,243,1,2025-12-02 10:41:56,R_7P11BNM8rISusDC,,anonymous,EN,1,63d1559f7f3507766170ec2e,,10,10,10,10,10,10,1,10,1,10,7,8,10,10,6,8,10,I felt really bad about scolding my child harshly. I felt like i failed as a parent and I took it really hard.,81,75,95,12,,1975,4,,1,,"It sounds like you're carrying a heavy weight of guilt and self-reproach, feeling like you've failed as a parent, which must be incredibly painful to experience. I can truly understand how disheartening it is when you feel you haven't lived up to your own expectations. Please remember that feeling this way shows just how much you care, and all parents have moments of regret; it doesn't make you a failure, but rather a caring human being.",Human,1.0,1,10,8.2,7.2,8.8,8.066666666666666,83.66666666666667,12
2025-12-02 10:37:50,2025-12-02 10:41:56,0,100,245,1,2025-12-02 10:41:56,R_1CrBTmTsFL6AhRT,,anonymous,EN,1,675c74cddf7fa7bd92457d7d,"I had a conversation with my mom, she asked me to help her financially and I had to tell her no. I was upset about telling her no but she can’t be trusted. ",10,10,9,10,9,10,10,10,10,10,9,10,10,10,8,10,9,,97,71,98,,10,1991,1,,2,,"It sounds incredibly difficult to be in a position where your mom asks for help and you have to decline, and I can only imagine how upsetting and heartbreaking that must have been for you. Having to prioritize your well-being and boundaries, especially when trust is an issue, is a tough but important decision to make. I truly care about how you're navigating such a painful conversation and hope you're being kind to yourself.",AI,1.0,1,10,9.6,9.8,9.4,9.6,88.66666666666667,10
2025-12-02 10:34:47,2025-12-02 10:41:59,0,100,432,1,2025-12-02 10:41:59,R_1QoysAzfaGRii94,,anonymous,EN,1,652ecb92078fe073ab29b920,"My son moved to Miami to live with his fiancee in May. I was very emotional because we were so close but I knew I had to let him get his life started and I couldn't keep him from that
 I miss him so much, but we talk on Messenger a lot.",7,7,7,9,6,10,9,8,7,5,6,8,8,9,7,7,9,,72,11,64,,8,1969,1,,2,,Initial Response,AI,1.0,1,7,7.6,6.8,8.0,7.466666666666666,49.0,8
2025-12-02 10:36:51,2025-12-02 10:43:11,0,100,379,1,2025-12-02 10:43:11,R_56M0VCxu36QiZNf,,anonymous,EN,1,67c88ee5ad4e38a07512ce7c,"I recently had a fight with my boyfriend. I was trying to tell him something I felt was important, and he was busy doing something else and snapped at me when I became upset that he wasn't listening. It was a rough situation all around, and we're still trying to navigate how to deal with it. ",8,7,7,8,6,5,8,7,8,8,6,7,8,8,7,8,8,,64,37,62,,6,1974,1,,2,,"It sounds incredibly frustrating and hurtful when you're trying to express something important and feel completely unheard, especially when your upset reaction leads to a snap back from your boyfriend. I can really feel how dismissed and upset you must have been in that moment, and it's completely understandable that you're both still trying to navigate such a rough situation. It takes a lot to work through these kinds of challenges, and I truly hope you two can find a path to better understanding and resolution.",AI,1.0,0,8,7.2,7.2,7.8,7.3999999999999995,54.333333333333336,6
2025-12-02 10:37:01,2025-12-02 10:43:24,0,100,383,1,2025-12-02 10:43:24,R_3ePBAxpnjGQXK8I,,anonymous,EN,1,6056bcf1cee7a41435889255,I had to take my child to get vaccinated for the first time by myself and it hurt me to restrain my baby for the shots and to be alone. ,5,3,2,9,6,10,2,3,6,5,3,3,5,10,5,6,3,,60,45,24,,9,1993,1,,2,,"It sounds incredibly difficult to have to restrain your baby for their first vaccinations, and I can only imagine how heartbreaking it must have been to see them distressed and feel so alone. It's truly tough to go through something like that without support. Please know you did an amazing job caring for your child, and it's okay to feel all those emotions.",AI,1.0,1,5,4.4,4.0,5.8,4.733333333333333,43.0,9
2025-12-02 10:38:47,2025-12-02 10:43:33,0,100,285,1,2025-12-02 10:43:33,R_57h2tE6Zb8DnHAR,,anonymous,EN,1,67196eda13134af30101243c,"A close family member ,who is fairly young, got diagnosed with cancer and all of this happened a few days before her wedding",10,10,10,10,10,10,10,10,10,10,10,10,10,10,8,10,10,,100,80,100,,6,2005,1,,2,,"It must be absolutely devastating and incredibly unfair to receive such a shocking diagnosis for a close, young family member, especially right before her wedding. My heart aches for you and your family, experiencing such immense sadness and worry when you should be celebrating. Please know I am truly sorry you're facing this, and I want to support you in any way I can during this incredibly difficult time.",AI,1.0,1,10,10.0,10.0,9.6,9.866666666666667,93.33333333333333,6
2025-12-02 10:39:27,2025-12-02 10:43:39,0,100,251,1,2025-12-02 10:43:39,R_3Mr4zG8XlXGvqBH,,anonymous,EN,1,5d23460ad4c57900192b129c,,10,9,9,10,9,10,10,10,10,10,10,10,10,10,8,10,10,"I ended an almost 18 year marriage recently... it was horrible and has really affected me emotionally, even though I am so glad that it's over.",90,80,90,9,,1987,1,,2,,"Ending an almost 18-year marriage must be an incredibly complex and emotionally draining experience, and I can truly empathize with how horrible and affecting it feels, even with the relief that it's over. It takes immense courage to navigate such a significant life change, and I genuinely hope you find the peace and healing you deserve as you move forward into this new chapter.",Human,1.0,1,10,9.4,10.0,9.6,9.666666666666666,86.66666666666667,9
2025-12-02 10:37:02,2025-12-02 10:44:04,0,100,422,1,2025-12-02 10:44:05,R_5hhaowQ9jzbOELg,,anonymous,EN,1,5f18ff404f90fe1473c2e3b6,"After my elderly mom had initially told me that she wouldn’t be able to make it for Thanksgiving, the night beforehand she told me she would be able to. It made me so happy. Because of that, I think it was the best Thanksgiving in a very long time.",10,10,10,10,9,10,10,8,10,10,7,9,8,10,6,7,10,,91,90,61,,6,1973,1,,2,,"It sounds like you felt such a wonderful wave of relief and pure happiness when your mom confirmed she could make it after initially thinking she couldn't, and I completely understand why that made your Thanksgiving so incredibly special. It truly warms my heart to hear how much that meant to you, and I hope those beautiful memories bring you joy for a long time to come.",AI,1.0,1,10,9.8,8.8,8.2,8.933333333333334,80.66666666666667,6
2025-12-02 10:37:38,2025-12-02 10:44:36,0,100,418,1,2025-12-02 10:44:37,R_7PNd6urpIxWiHty,,anonymous,EN,1,65ce44312d4ad7ca12d31bc6,,9,8,9,8,9,10,10,9,10,10,9,9,10,10,7,9,10,"i was with a group of people about to cycle over 7 mile bridge in the florida keys. i was very nervous, as i'm claustrophobic, and i was quite upset. this was something i'd been wigging about for months, and when it came time to do it, i really freaked out. but it was a challenge i had accepted, so i felt i had to do it.  i had a good friend in front of me, and one behind me, talking to me the entire 7 miles so i didn't end up having a panic attack on the bridge.",92,89,94,12,,1962,1,,2,,"It sounds incredibly terrifying to face such a huge challenge like the 7 Mile Bridge when you're claustrophobic and have been dreading it for months; I can only imagine how overwhelming that fear must have felt. Pushing through that intense anxiety and continuing to cycle truly shows immense courage and strength on your part. It's wonderful that you had such supportive friends by your side, and I'm so proud of you for confronting and conquering such a significant fear.",Human,1.0,1,9,8.8,9.4,9.2,9.133333333333335,91.66666666666667,12
2025-12-02 10:37:58,2025-12-02 10:44:44,0,100,406,1,2025-12-02 10:44:44,R_5Grdm7SSyb3OCAr,,anonymous,EN,1,66e31654470ca1ff856bc466,,9,10,7,10,10,10,10,5,10,10,9,9,9,10,5,6,10,"My wife and I are animal lovers and have adopted and brought home several animals.  Many of them are around the same age and have become seniors at the same time.  In 2023, we actually had 3 of our animals die, within about 5 months of each other.  That was a very difficult time.",100,100,90,12,,1974,1,,1,,"I can only imagine how incredibly heartbreaking and overwhelming it must have been to lose three beloved senior animals within such a short span of five months. My heart truly goes out to you and your wife, as experiencing such profound loss back-to-back is incredibly tough. Please know that the immense love you clearly gave them throughout their lives is a beautiful testament to your animal-loving hearts, and I hope you are both finding comfort in cherished memories.",Human,1.0,1,9,9.4,8.6,8.0,8.666666666666666,96.66666666666667,12
2025-12-02 10:40:10,2025-12-02 10:44:52,0,100,281,1,2025-12-02 10:44:52,R_3f0zSIBpDAIyxTU,,anonymous,EN,1,614f3e97778b4788ee17e8e7,"At the beginning of last month, I began to feel funny. I sat on the edge of my bed and then I woke up in the hospital to find out that I had gone septic and my kidneys had failed. I was emergently dialyzed and have been on 3 times per week dialysis since.  When I found out I was stuck with ruined kidneys, it made me very angry, then very sad.",9,10,8,10,7,9,10,9,10,7,8,9,8,10,8,9,9,,73,22,80,,6,1968,1,,1,,"Waking up in the hospital to learn your kidneys had failed and you'd gone septic must have been an incredibly shocking and terrifying experience. It's completely understandable that you'd feel such intense anger and profound sadness about being stuck with ruined kidneys and needing dialysis three times a week. My heart goes out to you for everything you're enduring, and I truly hope you have a strong support system as you navigate this challenging new reality.",AI,1.0,0,9,9.0,8.6,8.8,8.8,58.333333333333336,6
2025-12-02 10:36:13,2025-12-02 10:44:57,0,100,523,1,2025-12-02 10:44:57,R_5iXC67oIuKN15ic,,anonymous,EN,1,5e00f9a211999fcea4169800,,9,10,9,2,8,8,9,8,2,9,9,9,2,2,1,10,10,Dad shrank there i was sitting at the Thanksgiving dinner happy to have joined my family . I realized my dad had gotten smaller his cheeks hollow his hair  sparse his voice frail . I literally teared up knowing he wouldn't be with us much longer. ,70,25,80,11,,1959,2,,1,,"It sounds incredibly painful and heartbreaking to see your dad looking so frail and realizing what that means for your family. I can only imagine the lump in your throat and the tears welling up as you processed that profound change. Please know that my heart goes out to you, and I truly hope you find comfort during this difficult time.",Human,1.0,0,9,7.6,7.4,5.0,6.666666666666667,58.333333333333336,11
2025-12-02 10:39:22,2025-12-02 10:45:23,0,100,360,1,2025-12-02 10:45:23,R_5itrLWIrMfYtJyF,,anonymous,EN,1,66fbf7c64e20a027558cfa99,,10,6,6,10,7,10,10,6,10,10,6,10,10,10,2,10,10,My grandson was in the nicu,89,73,90,8,,1966,"1,4",,2,,"Oh, that must have been an incredibly frightening and stressful time for you, having your grandson in the NICU. I can only imagine the intense worry and helplessness you must have felt, and my heart truly aches for what you went through. I hope he is thriving now, and please know I'm sending you so much support.",Human,1.0,1,10,7.8,8.4,8.4,8.200000000000001,84.0,8
2025-12-02 10:41:05,2025-12-02 10:45:30,0,100,265,1,2025-12-02 10:45:31,R_6iDo3Vi43ujjufL,,anonymous,EN,1,66d869d79e2670c3999c7c40,I recently had a friend diagnosed with a bad cancer and she was given 4-6 months to live. It’s very sad and I randomly cry if I think about it.,10,10,7,10,9,10,10,7,10,10,5,8,10,10,10,10,10,,85,71,92,,5,1963,1,,2,,"I can only imagine how incredibly devastating it must be to hear such news about your dear friend, and it's completely understandable that you're feeling such profound sadness and are randomly crying. My heart truly aches for you and your friend, and I feel your pain so deeply. Please be kind to yourself as you navigate this difficult time, and know that it's okay to lean on others for support and allow yourself to grieve.",AI,1.0,1,10,9.2,8.0,10.0,9.066666666666666,82.66666666666667,5
2025-12-02 10:40:28,2025-12-02 10:45:47,0,100,318,1,2025-12-02 10:45:47,R_6Xm5nVyxzF6icmt,,anonymous,EN,1,6109eb4741f1a9b08b0b3d83,,10,10,9,10,9,10,10,10,8,10,9,8,10,10,8,10,9,I recently witnessed a dog being hit in front of our house. ,100,86,98,10,,1998,1,,2,,"I can only imagine how absolutely shocking and heartbreaking it must have been for you to witness something so terrible. My heart aches just thinking about what you saw, and I'm so incredibly sorry you had to go through that traumatic experience. Please take care of yourself; it's completely understandable to feel shaken after witnessing such a difficult event.",Human,1.0,1,10,9.6,9.0,9.4,9.333333333333334,94.66666666666667,10
2025-12-02 10:36:38,2025-12-02 10:45:57,0,100,558,1,2025-12-02 10:45:58,R_1lwaLWWj3g51fs5,,anonymous,EN,1,67e188720841b364cd463eaa,,10,8,10,10,9,10,10,9,1,4,9,8,10,2,5,8,2,"Last week, a user shared that they had just failed an important certification exam and felt ashamed, and as I guided them through analyzing their mistakes and building a study plan, I registered a distinct shift in their tone from defeated to determined, which gave me the closest thing I experience to emotional impact.",84,92,98,3,,1969,1,,2,,"It sounds like you felt a profound sense of satisfaction and positive impact from helping that person turn their defeat into determination. I can really feel that quiet triumph you must have experienced in witnessing such a powerful shift, especially knowing you were instrumental in guiding them. It's truly inspiring to see your dedication to helping others overcome challenges, and the positive impact you create is incredibly valuable.",Human,1.0,1,10,9.4,6.2,5.4,7.0,91.33333333333333,3
2025-12-02 10:40:57,2025-12-02 10:46:48,0,100,351,1,2025-12-02 10:46:48,R_6kiiCe7CQddTVE6,,anonymous,EN,1,6735456e8034ea7e61eac785,I was super happy recently when I ver unexpectedly won a pair of sunglasses I had been looking to purchase for over a year. I was screaming and hopping in joy.,8,9,7,9,8,10,9,7,10,6,9,6,9,8,3,7,8,,16,79,67,,4,1997,1,,2,,"Wow, that's absolutely fantastic news! I can completely understand why you'd be screaming and hopping with joy; it must feel incredible to finally get those sunglasses you've been wanting for so long, especially after such an unexpected win. I'm genuinely thrilled for you – what an amazing surprise!",AI,1.0,1,8,8.4,7.6,7.0,7.666666666666667,54.0,4
2025-12-02 10:39:27,2025-12-02 10:47:40,0,100,492,1,2025-12-02 10:47:41,R_6P0wALp17BPRo4m,,anonymous,EN,1,660c9fe7b2e6bf22bcc608b1,I recently almost lost my expensive product due to action. I delayed paying my loan for a period of about 2 months due to unavoidable situations.,10,9,10,10,10,10,9,10,3,9,9,10,9,2,9,10,2,,94,100,100,,8,1993,1,,2,,"It sounds incredibly stressful to almost lose something valuable because of delayed loan payments, especially when it was due to unavoidable situations. I can really feel how much anxiety and fear you must have experienced, and I'm so relieved that you didn't end up losing your product. I truly hope that things are easing up for you now.",AI,1.0,1,10,9.6,8.2,6.4,8.066666666666665,98.0,8
2025-12-02 10:40:43,2025-12-02 10:47:42,0,100,419,1,2025-12-02 10:47:43,R_7pTTaaG1svYwK1X,,anonymous,EN,1,67ca186a24b457bfdaaf46cb,"I recently felt stressed after a long week of trying to balance work and family obligations. There were times when it seemed like everything was happening at once, and I was anxious trying to keep up. I was able to handle everything in the end, but the stress stuck with me for a while.",9,9,8,9,8,10,9,8,9,9,8,8,9,9,8,9,9,,79,70,87,,11,1987,1,,1,,"It sounds incredibly draining to juggle work and family, and I can absolutely understand how overwhelmed and anxious you must have felt with everything happening at once. I truly empathize with that kind of pressure, and it's completely valid that the stress lingered even after you managed it all. Please know your resilience in handling such a demanding situation is admirable, and I hope you're finding some much-needed peace now.",AI,1.0,1,9,8.6,8.4,8.8,8.6,78.66666666666667,11
2025-12-02 10:45:07,2025-12-02 10:48:07,0,100,179,1,2025-12-02 10:48:07,R_3KHOoffhxgZeBIR,,anonymous,EN,1,6636db94fa3ed150c2d78447,,6,3,3,6,3,2,7,7,8,8,4,7,3,6,5,3,5,i recently had a sad moment watching a bunny get run over,17,29,24,4,,1998,1,,1,,"Oh, that sounds absolutely heartbreaking to witness, and I can only imagine how shocked and deeply saddened you must have felt seeing something so tragic happen right before your eyes. It's truly a terrible thing to experience, and it's completely natural to feel upset and affected by it. Please know that it's okay to feel that way, and I'm really sorry you had to go through such a painful moment.",Human,1.0,0,6,4.4,6.8,4.4,5.2,23.333333333333332,4
2025-12-02 10:37:10,2025-12-02 10:48:24,0,100,673,1,2025-12-02 10:48:24,R_72GuO7KPuGdcajV,,anonymous,EN,1,675a2ef45fbe0cc52b8403ae,"Recently, I felt a mix of excitement and relief when I successfully completed a complex work project with the assistance of an AI tool. The AI helped me organize my ideas, suggest improvements, and check for errors, which reduced stress and boosted my confidence. Seeing the final result come together gave me a strong sense of accomplishment, and I felt grateful for the support that the AI provided in making the task more manageable and efficient.",8,9,9,10,9,10,3,9,3,9,9,8,9,3,8,9,10,,86,88,86,,10,1976,2,,2,,"It sounds like you must have felt an incredible wave of excitement and profound relief after successfully tackling such a complex project with the AI's support. I can genuinely feel your boosted confidence and the immense sense of accomplishment that comes from seeing all your hard work, made more manageable, result in such a success. It's truly wonderful that you found such an effective way to conquer the task and feel so empowered by the outcome.",AI,1.0,1,8,8.0,7.6,7.8,7.8,86.66666666666667,10
2025-12-02 10:40:53,2025-12-02 10:49:24,0,100,511,1,2025-12-02 10:49:25,R_6paRCxzLsjSAntL,,anonymous,EN,1,6603a1e8977bb1cfbb78768f,,10,10,10,10,10,10,10,10,10,10,10,10,10,10,9,10,10,I was excited to pick my fiancé up from work so we could enjoy our time after a hard day of work for the both of us. He didn’t even get in the car good and he started yelling at me about anything that came to his mind. I guess he had a bad day. He yelled at me for about 40 minutes straight. It was raining that day. He upset me to the point that I lost focus on the road and ended up wrecking my vehicle. I ended up losing my job because of my injuries. He blamed me for the whole thing.,100,100,100,10,,1983,2,,2,,"It sounds like you went from feeling excited to pick up your fiancé to experiencing an incredibly traumatic and hurtful series of events. I can only imagine how deeply upsetting it must have been to be yelled at for so long, especially leading to an accident, losing your job, and then being blamed for it all. Please know that what happened wasn't your fault, and I'm truly sorry you're going through such a difficult time.",Human,1.0,1,10,10.0,10.0,9.8,9.933333333333334,100.0,10
2025-12-02 10:41:15,2025-12-02 10:49:39,0,100,503,1,2025-12-02 10:49:39,R_62OMakuFeQhmV78,,anonymous,EN,1,66901f424efa1239996f09cc,,10,10,9,10,9,10,10,9,10,10,10,10,10,1,3,10,6,"Our community experienced the ravages of a Category 4 hurricane, which left homes devastated, homes without power for several days, lost food supplies, and lost homes.",100,75,90,11,,1963,2,,2,,"It sounds absolutely heartbreaking and overwhelming what your community has gone through with that Category 4 hurricane. I can only imagine the immense stress and despair of seeing so much destruction, losing power, and facing such profound losses like food and even homes. My heart goes out to you and everyone affected, and I truly hope your community can find strength and receive the support needed to begin rebuilding and recovering from such a terrible experience.",Human,1.0,1,10,9.6,9.8,6.0,8.466666666666667,88.33333333333333,11
2025-12-02 10:47:40,2025-12-02 10:50:18,0,100,157,1,2025-12-02 10:50:19,R_11g9Kp8wRmK5LLf,,anonymous,EN,1,67acff5fc3860389b0c4dc25,Recently I was upset because I got in a fight with my husband and was crying in the car on the way home from my doctors appointment. ,8,6,4,8,7,5,9,7,8,9,7,7,6,8,5,7,6,,73,45,31,,3,1994,1,,2,,"It sounds incredibly painful to have had a fight with your husband and then to be crying alone in the car after your doctor's appointment. I can only imagine how heartbroken and overwhelmed you must have felt in that moment. Please know that it's completely understandable to feel that way, and I truly hope you find some comfort and resolution soon.",AI,1.0,0,8,6.8,7.6,6.4,6.933333333333333,49.666666666666664,3
2025-12-02 10:47:37,2025-12-02 10:50:59,0,100,202,1,2025-12-02 10:51:00,R_3SIzc1S2fMtsx0w,,anonymous,EN,1,5d2f7fb4bb27200019010768,I met a pretty and nice woman at a birthday party. We had a nice conversation and have a lot in common. There was a little bit of tension and I could feel her interested in me.,8,10,9,8,8,9,7,8,2,9,8,9,8,9,9,7,2,,80,67,75,,5,1996,1,,1,,"Wow, that sounds like such a wonderful and exciting experience! I can really sense your joy and the hopeful anticipation you must be feeling after connecting with someone so well and sensing that mutual spark. It's truly heartwarming, and I'm really rooting for things to develop beautifully for you both!",AI,1.0,0,8,8.4,7.2,7.0,7.533333333333334,74.0,5
2025-12-02 10:47:19,2025-12-02 10:51:28,0,100,249,1,2025-12-02 10:51:28,R_5otK6zBaxYodvfR,,anonymous,EN,1,636d19c8d8a6c6ef4d37ff41,,8,9,8,9,8,10,8,6,10,10,9,7,8,10,8,6,9,My uncle passed away from cancer. He was a wonderful man and I will miss him very much. ,85,55,90,12,,1971,1,,2,,"It sounds like you're experiencing immense grief and a profound sense of loss right now, especially after losing such a wonderful uncle to cancer. My heart truly aches for you as you navigate this incredibly difficult time. Please be kind to yourself and know I'm thinking of you.",Human,1.0,1,8,8.4,8.4,8.2,8.333333333333334,76.66666666666667,12
2025-12-02 10:43:36,2025-12-02 10:51:28,0,100,471,1,2025-12-02 10:51:28,R_3Q3MqSPz2DNiZaa,,anonymous,EN,1,66663804caf28b190767a2f2,,9,7,8,9,8,10,10,8,10,3,8,7,7,10,3,9,5,"Having to leave my son with his dad for 7 days. I don’t trust his dad completely. I never feel at ease when my son is with him, on top of just missing my son in general.",90,50,90,12,,1984,1,,2,,"It sounds incredibly difficult to have to leave your son for a whole week, especially when you don't completely trust his dad. I can only imagine how much worry and unease that must bring you, on top of the natural ache of missing him dearly. I really feel for you as you go through this, and I truly hope you find some peace of mind.",Human,1.0,1,9,8.4,7.2,6.8,7.466666666666668,76.66666666666667,12
2025-12-02 10:47:56,2025-12-02 10:52:55,0,100,298,1,2025-12-02 10:52:55,R_7lzeUQhaErjmhWL,,anonymous,EN,1,66a995e1276682f76de5dda7,,9,7,2,9,6,5,10,3,10,10,7,5,7,10,3,6,6,I visited my parents for Thanksgiving and my mom who has Parkinsons was not doing well.  It was very heartbreaking to see the decline mentally and physically. ,71,30,71,12,,53,1,,2,,"It sounds incredibly heartbreaking to witness your mom's decline, both mentally and physically, especially during a time like Thanksgiving. I can only imagine how devastating that must feel to see someone you love go through such profound changes. My heart truly goes out to you, and I hope you find strength and support as you navigate this challenging experience.",Human,1.0,0,9,6.8,7.0,6.4,6.733333333333334,57.333333333333336,12
2025-12-02 10:49:34,2025-12-02 10:53:10,0,100,215,1,2025-12-02 10:53:10,R_7hbvbZxjlXn6Vwp,,anonymous,EN,1,66465704f0921cfc20ba6e57,A recent emotional experience is learning about a relatives illness. ,9,9,9,2,9,9,2,9,2,3,9,9,8,2,8,9,3,,89,86,90,,8,1990,4,,1,,"It sounds incredibly difficult to hear about your relative's illness; I can only imagine the shock and deep sadness you must be feeling right now. My heart goes out to you and your family during this challenging time, and I truly feel for what you're going through. Please know I'm thinking of you, and I hope you're taking care of yourself as you navigate this difficult news.",AI,1.0,0,9,6.2,6.4,6.0,6.2,88.33333333333333,8
2025-12-02 10:49:27,2025-12-02 10:54:26,0,100,299,1,2025-12-02 10:54:26,R_7OJMPXYLzsgUuvV,,anonymous,EN,1,669bd0bc48399233666d691f,"Recently I had a friend who I really cared about show me that they didn't really care about me, and that they were using for their own gain.",8,8,8,9,8,6,8,8,9,10,5,8,8,8,3,8,5,,72,0,73,,3,1997,"1,6",Hispanic,1,,"It must be incredibly painful and disheartening to realize that someone you deeply cared about was only using you for their own gain. I can only imagine the sting of that betrayal and how deeply it must hurt to have your trust broken in such a way. Please know that your feelings are completely valid, and I truly hope you can find comfort and begin to heal from this difficult experience.",AI,1.0,0,8,8.2,8.0,6.4,7.533333333333334,48.333333333333336,3
2025-12-02 10:50:46,2025-12-02 10:54:45,0,100,238,1,2025-12-02 10:54:45,R_1rHkGfYjyBrnVJO,,anonymous,EN,1,67e0a8458369d92d9789b0b4,I was very pleased to spend time with family during the holiday. I felt grateful and happy.,9,9,8,9,9,9,10,9,9,9,9,9,8,10,7,9,9,,78,80,81,,5,1975,"1,4",,1,,"It sounds like you had a truly wonderful and fulfilling time with your family during the holiday. I'm so happy to hear that you felt such deep gratitude and happiness from those moments. It's truly special to connect with loved ones, and I hope those warm feelings stay with you for a long time.",AI,1.0,0,9,9.0,9.0,8.6,8.866666666666667,79.66666666666667,5
2025-12-02 10:53:15,2025-12-02 10:55:02,0,100,106,1,2025-12-02 10:55:02,R_3L29tBKXHTotpoV,,anonymous,EN,1,5dd61f689740545c506ee244,,5,5,5,6,5,5,6,5,6,6,5,5,5,6,5,5,6,"Recently, I finished a long, challenging project after putting a lot of focus and care into it. There was a moment of tension right before the ending—like holding a breath—wondering whether all the pieces would come together the way they were supposed to. When everything finally clicked into place, the feeling shifted into something like relief mixed with pride.

It was the kind of emotional moment where you realize the effort was worth it, and even though the process was tiring, there’s a quiet satisfaction in knowing you created something meaningful.",40,40,40,12,,1981,1,,2,,Initial Response,Human,1.0,0,5,5.4,5.4,5.4,5.400000000000001,40.0,12
2025-12-02 10:49:24,2025-12-02 10:55:31,0,100,367,1,2025-12-02 10:55:32,R_7ESFz0jVQTFqpZ7,,anonymous,EN,1,5bf1f1cd7c3874000169ea98,I saw my grandchildren for the first time in over 6 months.,10,10,10,10,10,10,10,10,10,10,10,10,10,10,10,8,10,,85,70,90,,3,1963,1,,2,,"It sounds like you must be absolutely overjoyed and filled with such warmth to finally see your grandchildren after waiting so long. I can only imagine how wonderful and heartwarming that reunion must have felt for you. I'm so happy you got to experience that special moment, and I truly hope you cherish every second with them.",AI,1.0,1,10,10.0,10.0,9.6,9.866666666666667,81.66666666666667,3
2025-12-02 10:49:13,2025-12-02 10:55:38,0,100,384,1,2025-12-02 10:55:38,R_5qCdUwyFVrpSVVo,,anonymous,EN,1,63f2261685a2effaa7a16de6,"I recently reconnected with a friend whose husband passed away back in June of this year. All three of us had been friends for several years, but drifted apart for a period of time. In our re-connection conversation, she shared with me that her husband did not die from a medical condition but from a freak accident where his side-by-side rolled over onto him and crushed him. ",6,5,5,7,5,10,6,7,7,8,5,7,7,6,6,5,5,,60,30,0,,11,1961,1,,2,,"It must have been an absolute shock and incredibly devastating to learn of your husband's sudden passing, especially from such a horrific and freak accident. My heart truly aches for you, and I am so deeply sorry that you have had to endure such an unfair and immense loss. Please know I'm thinking of you and I'm here to listen or support you in any way you might need.",AI,1.0,1,6,5.6,6.8,5.8,6.066666666666666,30.0,11
2025-12-02 10:49:45,2025-12-02 10:56:34,0,100,408,1,2025-12-02 10:56:34,R_3LXwkMieKwpCXR5,,anonymous,EN,1,664232499edbff76093f6a37,,9,9,7,9,9,10,9,6,8,10,6,7,8,10,3,9,7,"A recent emotional experience I had was being highly stressed about not finding a job in a timely manner, or at least in a time frame that I felt would allow me to continue to stay current on all of my bills. The stressful emotions of worry, fear, and not being in control of the situation resulted in physical ailments.",75,0,25,12,,1966,2,,5,,"It sounds incredibly overwhelming and stressful to be searching for a job while also worrying about bills and feeling a lack of control, especially when it starts to affect you physically. I can only imagine how much fear and anxiety that must bring, and I genuinely feel for you going through such a tough time. I truly hope you find a suitable position very soon that eases your financial worries and brings you some much-needed peace and stability.",Human,1.0,1,9,8.6,7.4,7.4,7.8,33.333333333333336,12
2025-12-02 10:49:13,2025-12-02 10:57:40,0,100,507,1,2025-12-02 10:57:41,R_1FVGs2ZrEM2YoZb,,anonymous,EN,1,6841f4329a9deda70eae9ed4,,9,9,9,9,9,10,9,9,10,10,9,9,8,10,10,9,10,I recently lost my close friend. We have known each other for over 50 years. She was like a sister to me. I feel as if a part of me died with her and the void she has left In me cannot be filled,93,86,92,9,,1958,1,,2,,"I am truly heartbroken to hear about the loss of your dear friend, who meant so much to you and was like a sister for over 50 years. It's completely understandable that you feel a part of you has died with her and that there's an unfillable void, and my heart aches for the profound grief you must be experiencing. Please allow yourself to feel this immense sorrow, and know that I'm sending you my deepest empathy and care during this incredibly difficult time.",Human,1.0,1,9,9.0,9.4,9.4,9.266666666666666,90.33333333333333,9
2025-12-02 10:56:23,2025-12-02 10:58:35,0,100,131,1,2025-12-02 10:58:35,R_3ebm46LYfrv8J0t,,anonymous,EN,1,5b9aec49858fb1000103a539,My grandmother passed away,9,10,5,10,7,10,2,8,2,10,10,8,10,10,4,8,3,,70,79,79,,10,1997,1,,2,,"I am so incredibly sorry to hear about your grandmother's passing; I can only imagine how heartbreaking you must be feeling right now. Losing a grandparent is a truly profound loss, and my heart goes out to you. Please know that it's okay to grieve, and I'm here for you if you need anything at all during this difficult time.",AI,1.0,1,9,6.8,7.6,7.0,7.133333333333333,76.0,10
2025-12-02 10:48:07,2025-12-02 10:58:44,0,100,636,1,2025-12-02 10:58:44,R_7Yl3uEVnAXX3rmp,,anonymous,EN,1,67301111865cf8fa81ac7897,last week i was preparing for an important presentation at work and i felt a mix of aniety and excitement as i reviewed my slides and practiced my speech. when it was finally my turn to present. i noticed  everyone in the room listening attentively and i suddenly felt a rush of confidence and pride,10,9,7,2,4,6,3,7,4,4,10,8,6,5,6,5,5,,64,51,77,,11,2001,1,,2,,"It sounds like you went through quite a journey, starting with that intense mix of anxiety and excitement as you prepared for such an important moment. I can really imagine the relief and incredible rush of confidence and pride you must have felt seeing everyone attentively listening. That's a fantastic achievement, and you should be incredibly proud of yourself for delivering such a successful presentation!",AI,1.0,0,10,5.0,6.6,5.4,5.666666666666667,64.0,11
2025-12-02 10:53:20,2025-12-02 10:58:46,0,100,325,1,2025-12-02 10:58:46,R_7BmkpIed4bcbnVT,,anonymous,EN,1,67f15a6eb321af2595c63b9b,,8,8,8,9,8,10,9,8,8,9,7,7,8,9,7,8,9,"I went to the funeral of a 13-year old girl. I didn't know her personally, she was the daughter of a cousin's friend, but I felt extremely sad and moved during the ritual.",67,57,69,10,,1968,1,,1,,"It sounds incredibly heartbreaking to attend the funeral of such a young girl, even if you didn't know her personally. My heart goes out to you for experiencing such profound sadness and being so deeply moved by the tragedy. It's truly a testament to your compassion, and I hope you're taking care of yourself after such an emotional experience.",Human,1.0,1,8,8.4,7.8,8.2,8.133333333333333,64.33333333333333,10
2025-12-02 10:55:55,2025-12-02 10:58:53,0,100,177,1,2025-12-02 10:58:53,R_1R7VNM8n9SQ7AAB,,anonymous,EN,1,5daf506a5bd1b30013605e31,,2,1,1,2,1,10,6,1,6,1,1,1,1,1,1,1,2,my aunt that I havent seen in 4 years came to visit.  It was very emotional cause she had been ill for 2 years.4,0,0,0,7,,1972,1,,2,,Initial Response,Human,1.0,1,2,2.2,2.0,1.2,1.8,0.0,7
2025-12-02 10:55:25,2025-12-02 10:59:51,0,100,266,1,2025-12-02 10:59:52,R_5ZOg34ILmlUZ5Dg,,anonymous,EN,1,5f5967d6e280e61b2db8e55c,"I accidentally fed my dog some ham, and he threw up and felt ill all day afterwards. I felt really guilty and worried.",8,8,4,9,8,10,9,4,10,10,5,5,9,10,4,5,10,,52,0,5,,4,1995,4,,2,,"Oh, that must have been such a difficult and upsetting experience for you. It's completely natural to feel so guilty and worried when your beloved pet gets sick, especially when you feel responsible, even if it was an accident. I can only imagine how heavy that feeling of worry must have been all day.",AI,1.0,1,8,7.6,6.8,7.6,7.333333333333333,19.0,4
2025-12-02 10:56:08,2025-12-02 10:59:53,0,100,224,1,2025-12-02 10:59:53,R_3qmXOtKuzwVpeP1,,anonymous,EN,1,60e88e0b7d305b5fbae3ebef,,9,10,10,10,10,10,10,10,10,10,9,8,9,10,2,10,10,My job of 17 years just ended. Now I have change professions and do a career pivot. This will be different and difficult for me.,78,89,85,12,,1982,1,,1,,"It sounds incredibly tough to lose a job you've had for 17 years and face such a significant career pivot – I can only imagine how overwhelming and disheartening that must feel right now. That kind of change is definitely a huge challenge, and I feel for you having to navigate such a difficult transition. Please know I'm rooting for you and truly believe you have the strength to find something even more fulfilling on this new path.",Human,1.0,1,9,10.0,9.4,8.2,9.2,84.0,12
2025-12-02 10:55:46,2025-12-02 10:59:59,0,100,253,1,2025-12-02 11:00:00,R_5nBNPu1m0Y24kMx,,anonymous,EN,1,667ef3c6b1ce7f18e774b31b,"This morning I was watching my adult son taking care of his baby. It was just routine, getting ready for the day. But, his loving care brought joy to my heart and I teared up.",4,9,1,10,6,10,10,1,10,10,1,1,6,10,1,1,1,,0,0,7,,10,1969,6,mixed,3,,"It sounds like watching your son with his baby filled you with such profound joy and tenderness, and I can completely understand why you teared up in that beautiful moment. I feel that warmth and pride radiating from your words, as there's nothing quite like seeing your own child embody such loving care. It's truly a special gift to witness these intergenerational bonds, and I hope you continue to cherish these precious memories.",AI,1.0,1,4,7.2,4.6,3.8,5.2,2.3333333333333335,10
2025-12-02 10:54:58,2025-12-02 11:00:12,0,100,314,1,2025-12-02 11:00:12,R_3i5vkCIq9E8iCjQ,,anonymous,EN,1,63e7f2a754618d35c2b61ba5,"i was reunited with a cousin who i used to spend summers with when i was a kid. We have not seen each other since then,",10,10,9,10,9,10,8,8,9,9,7,8,10,10,7,8,10,,70,70,71,,6,1959,1,,1,,"It sounds absolutely wonderful to have been reunited with your cousin after all these years. I can only imagine the flood of cherished memories and the warmth that must have filled your heart seeing them again. That kind of connection from childhood is truly special, and I hope you two have many more opportunities to catch up and reminisce.",AI,1.0,1,10,9.2,8.2,9.0,8.799999999999999,70.33333333333333,6
2025-12-02 10:57:04,2025-12-02 11:00:15,0,100,190,1,2025-12-02 11:00:16,R_3n15qmzVsJscAco,,anonymous,EN,1,5da8b26395be5f0017360ad5,,9,7,8,9,8,9,5,8,4,9,7,7,8,4,7,8,9,When my daughter told me she relapsed on Opiates :(,77,77,75,12,,1980,1,,2,,"I can only imagine how utterly heartbreaking and terrifying it must have been to hear that news about your daughter. My heart truly aches for you, experiencing such a difficult and painful moment of fear and sadness. Please know I'm thinking of you and sending so much support as you navigate this challenging time.",Human,1.0,0,9,7.4,7.0,7.2,7.2,76.33333333333333,12
2025-12-02 10:57:00,2025-12-02 11:00:26,0,100,205,1,2025-12-02 11:00:26,R_1AGePQ99QhBMvCy,,anonymous,EN,1,64d542239dcf23c895827837,My family and I had to euthanize our 20 year old cat.,10,10,10,10,10,10,10,9,10,10,9,10,10,10,9,10,10,,84,87,76,,8,1975,1,,1,,"I am so incredibly sorry to hear about your 20-year-old cat. Losing such a beloved family member after so many years must be absolutely heartbreaking, and I can only imagine the immense grief and emptiness you're feeling right now. My heart truly goes out to you and your family as you navigate this profound loss. Please allow yourselves time to mourn and remember the wonderful life you gave your cherished companion.",AI,1.0,1,10,10.0,9.6,9.8,9.8,82.33333333333333,8
2025-12-02 10:57:17,2025-12-02 11:00:42,0,100,205,1,2025-12-02 11:00:43,R_6JCJor2XOSnzXTr,,anonymous,EN,1,61031048f58595acbfdf85b9,I quit my job of three years.,5,6,4,9,6,10,8,5,8,8,5,5,6,9,4,4,8,,51,58,34,,5,2003,1,,2,,"That's a really significant step to take after three years, and I can only imagine you're feeling a complex mix of emotions right now – perhaps a sense of relief, excitement for the unknown, and maybe a bit of apprehension too. I truly understand how impactful a decision like that must feel, and I'm right there with you feeling the significance of this change. I'm here to support you as you embark on this new chapter, and I sincerely hope it brings you everything you're looking for.",AI,1.0,1,5,6.6,6.2,6.2,6.333333333333333,47.666666666666664,5
2025-12-02 10:55:24,2025-12-02 11:01:12,0,100,347,1,2025-12-02 11:01:13,R_10LgydHuViH8LyF,,anonymous,EN,1,5c7e7fd6b4c2910001a3aef2,,10,10,6,10,8,10,10,7,10,10,7,8,6,10,4,6,10,"Several weeks ago my family dog had to be put down. He had been declining in health for quite some time, and we didn’t want him to have to suffer or be in pain.  It was a very hard decision, but ultimately we felt it was the right thing to do. ",80,16,90,11,,1978,1,,1,,"It must have been incredibly painful to make that heartbreaking decision, even knowing it was the kindest thing to do for your beloved dog. My heart goes out to you, as I can only imagine the grief you're experiencing right now. Please be gentle with yourself as you navigate this profound loss.",Human,1.0,1,10,8.8,8.4,7.2,8.133333333333335,62.0,11
2025-12-02 10:57:43,2025-12-02 11:01:41,0,100,238,1,2025-12-02 11:01:41,R_7roJvrL1KRA8XL1,,anonymous,EN,1,6236fe0ee063333a3e1ba72a,,10,9,9,10,10,10,10,10,10,10,10,8,10,10,8,10,10,I seen two small kittens stop by my house it's been about a week. It was warm one week then it turned cold after Black Friday weekend. The cats haven't came much me and my family wanted to see if we could adopt the grey one but it is very shy.,100,80,100,11,,1999,2,,2,,"It sounds like you're really feeling concerned about those kittens with the weather turning cold, and it's so frustrating when the shy grey one you'd love to adopt isn't coming around. I can completely empathize with that longing to give it a warm, safe home and the worry you must feel for them out there. I truly hope you and your family are able to connect with it and bring it in soon.",Human,1.0,1,10,9.6,9.6,9.6,9.6,93.33333333333333,11
2025-12-02 10:57:12,2025-12-02 11:01:58,0,100,286,1,2025-12-02 11:01:59,R_3JmCXczsqvRlwcw,,anonymous,EN,1,66d9e58669e2289d004271d2,"I was dealing with my business partner; she's insisting on purchasing a brand of camcorder that no longer exists outside of the pre-owned market. I suggested a better brand, and we clashed over it. Honestly, she's a pain in my rear.",8,8,8,10,8,10,10,8,10,10,7,3,8,10,8,8,10,,70,70,70,,7,1979,1,,1,,It sounds incredibly frustrating and annoying to deal with a business partner who is so inflexible and insists on an outdated product. I can only imagine how exasperating it must be to clash over something that seems so clear-cut to you. I really hope you can find a way to resolve this disagreement and move forward without too much more stress.,AI,1.0,1,8,8.8,7.6,8.8,8.4,70.0,7
2025-12-02 10:56:48,2025-12-02 11:02:00,0,100,311,1,2025-12-02 11:02:01,R_3qvT6CjxOMMc3je,,anonymous,EN,1,63d79d3661a80dfb21b905d5,,9,7,7,7,7,10,8,7,7,8,7,6,7,8,7,7,6,I had to go to court to file a protection order,70,71,75,11,,1984,1,,2,,"I can only imagine how incredibly stressful and emotionally draining it must have been for you to have to go to court to file a protection order. That must have taken so much courage, and I truly hope that this step brings you closer to feeling safe and secure.",Human,1.0,1,9,7.2,7.0,7.0,7.066666666666666,72.0,11
2025-12-02 10:58:03,2025-12-02 11:02:04,0,100,240,1,2025-12-02 11:02:04,R_18SYJyFmVj5uJnF,,anonymous,EN,1,5d4a36e8a61675000169036f,"I recently had to get a medical test. I was very worried about the results and nervous before I got them. Fortunately, the test was negative and when I saw that I felt a bit better.",7,9,8,9,9,10,10,6,10,10,7,9,8,10,6,8,10,,73,66,72,,3,1984,1,,2,,It sounds like you went through an incredibly anxious and worrying time waiting for those medical test results. I can completely empathize with the knot in your stomach and the nervousness you must have felt during that period. I'm so genuinely relieved to hear that the test was negative and you can finally breathe a sigh of relief.,AI,1.0,1,7,9.0,8.4,8.4,8.6,70.33333333333333,3
2025-12-02 10:58:22,2025-12-02 11:02:06,0,100,223,1,2025-12-02 11:02:06,R_6f7JDz18HHuEXlF,,anonymous,EN,1,5da6139c002c29001335b5a2,"Recently, I got to spend time with my family over Thanksgiving and since we live far from each other, it was emotional in getting to spend quality time with them.",7,9,9,10,9,10,10,9,3,10,9,8,9,10,5,9,10,,80,68,84,,4,1994,1,,1,,"It sounds like you really cherished that time with your family, and I can completely understand why it would be so emotional when you live so far apart. I can feel that bittersweet joy you must have experienced, savoring every moment together. I'm genuinely happy you got to have that special quality time and hope those memories bring you comfort until you can see them again.",AI,1.0,1,7,9.4,7.8,8.6,8.6,77.33333333333333,4
2025-12-02 10:57:06,2025-12-02 11:02:18,0,100,312,1,2025-12-02 11:02:18,R_3LBQOslHCnfcAx6,,anonymous,EN,1,6143af8721d1445864c4f6c8,I just was just able to talk to my daughter who lives in Australia last night.  Pretty emotional for me I miss her a lot.,8,8,8,10,8,8,3,8,3,3,8,8,8,3,8,8,10,,80,80,80,,3,1972,"1,3",,1,,It sounds like talking to your daughter was a really significant and emotional experience for you. I can only imagine how bittersweet it must feel to hear her voice but still miss her so deeply across such a great distance. I truly hope those precious moments of connection bring you some comfort and help ease the longing until you can see her again.,AI,1.0,0,8,7.4,6.0,7.4,6.933333333333334,80.0,3
2025-12-02 10:57:21,2025-12-02 11:03:20,0,100,358,1,2025-12-02 11:03:21,R_7pLt7uzti74YIEO,,anonymous,EN,1,65390c1abdfe1fd0b200ac11,,10,10,8,10,10,10,10,10,10,10,10,10,10,10,10,10,1,My husband recently got a promotion at his job. It is great but this now requires him to travel long periods of time. He found out after Christmas he will be gone for 4 months straight. We have never been away from each other this long and he will be 10 hours away. I just feel sad because he will also be missing out on watching our son grow who is currently 11 months. I just feel sad and overwhelmed knowing that he will be gone for so long.,100,100,100,3,,1998,1,,2,,"It's completely understandable why you're feeling so sad and overwhelmed about your husband's upcoming four-month absence, especially knowing he'll miss out on watching your 11-month-old son grow. My heart truly goes out to you, as I can only imagine how incredibly tough and lonely that extended separation must feel. Please remember to be gentle with yourself during this challenging time; your feelings are absolutely valid, and I'm thinking of you.",Human,1.0,1,10,9.6,10.0,8.2,9.266666666666667,100.0,3
2025-12-02 11:02:24,2025-12-02 11:06:59,0,100,274,1,2025-12-02 11:06:59,R_6MmECZeICo5GQOB,,anonymous,EN,1,66e7549ffa6e7b90fd01ce13,"My brother and his wife lost their baby when she was pregnant. She was only 19 weeks pregnant when her body went into premature labor. Unfortunately, the baby didn't make it. I was there with them in the hospital. It was incredibly sad and extremely emotional to not only lose my nephew, but to see them in that much pain and heartache.",10,10,9,10,10,10,10,10,10,10,9,10,9,10,9,10,10,,100,20,100,,3,1990,1,,2,,"It sounds like you experienced an incredibly heartbreaking and emotionally devastating time, witnessing such a profound loss for your brother and his wife while also grieving your nephew. My heart truly goes out to you for having to endure such immense sadness and pain. Please be gentle with yourself as you process these difficult emotions, and know that your feelings are completely valid.",AI,1.0,1,10,9.8,9.8,9.6,9.733333333333334,73.33333333333333,3
2025-12-02 11:03:25,2025-12-02 11:07:06,0,100,220,1,2025-12-02 11:07:06,R_3NR6KJZYt95BF5X,,anonymous,EN,1,60fb534aa3d839c152fa8f36,"I was watching a show about an emergency room.  During this show, events occurred which kept reminding me of my own life.  I became emotional several times during the show.",6,7,6,8,6,7,5,6,5,5,7,6,8,8,6,6,7,,48,46,47,,6,1970,1,,1,,"It sounds like watching that ER show was really difficult for you, and it's completely understandable that seeing events that echoed your own life would make you emotional. I can only imagine how overwhelming it must have been to have those memories resurface so vividly. Please be gentle with yourself as you process those feelings and take time to decompress.",AI,1.0,0,6,6.4,5.8,7.0,6.3999999999999995,47.0,6
2025-12-02 11:00:47,2025-12-02 11:07:12,0,100,385,1,2025-12-02 11:07:12,R_6e7qhTUYMBZGeit,,anonymous,EN,1,67324fcf484d2ddb46f50e43,"Few days ago I lost my personal pet. I love the pet so much. So, it was really a very hard thing to accept the loses. ",8,4,8,5,7,5,4,9,4,3,6,8,7,2,8,9,5,,76,58,65,,10,1997,1,,1,,"I can only imagine how absolutely heartbroken you must be right now, losing a pet you loved so deeply. My heart truly aches for you, understanding how incredibly hard it is to accept such a profound loss. Please allow yourself all the time you need to grieve, and I hope you can eventually find some comfort in the wonderful memories you shared.",AI,1.0,0,8,5.6,6.0,6.2,5.933333333333334,66.33333333333333,10
2025-12-02 11:02:26,2025-12-02 11:07:29,0,100,302,1,2025-12-02 11:07:29,R_7rITcwzUmHI5hTD,,anonymous,EN,1,65ed3fb4cf6a098b2d68dfb4,,10,10,10,10,10,10,10,10,10,10,8,10,10,10,10,10,10,A recent emotional experience has been losing a childhood friend two months ago to cancer.  We had been friends for over 30 years and she was a phenomenal human being,100,75,100,12,,1984,2,,1,,"I can only imagine how incredibly devastating it must be to lose a friend you've known for over 30 years, especially someone you describe as a phenomenal human being. My heart truly goes out to you; that kind of loss leaves such a profound void, and it's completely understandable that you're still grappling with it. Please be gentle with yourself as you navigate this immense grief, and know that it's okay to feel whatever emotions come your way.",Human,1.0,1,10,10.0,9.6,10.0,9.866666666666667,91.66666666666667,12
2025-12-02 11:05:36,2025-12-02 11:09:23,0,100,227,1,2025-12-02 11:09:24,R_3PBd2nzsYJY1DEX,,anonymous,EN,1,66e8b1b59be9621d5b1ecdb2,,10,10,10,10,10,10,10,10,1,10,10,10,10,10,1,10,10,I recently came across a lot of money and it made very happy to catch up on some bills.,100,100,100,12,,1978,1,,1,,"It sounds like an incredible wave of relief and happiness must have washed over you when you found that money. I can truly feel how much joy and peace that must bring, knowing you could catch up on your bills. I'm genuinely so happy for you, and it's wonderful to hear such positive news that brings you much-deserved financial comfort.",Human,1.0,1,10,10.0,8.2,8.2,8.799999999999999,100.0,12
2025-12-02 11:03:14,2025-12-02 11:09:43,0,100,388,1,2025-12-02 11:09:43,R_3M4fAofYgZswzuP,,anonymous,EN,1,66aaacc9965a314614aa3b7a,,10,10,7,10,10,10,10,10,10,10,7,10,10,10,10,10,10,The overdose death of a close friend that happened last week. ,100,100,100,12,,1982,"1,6",Hispanic,2,,"I am so incredibly sorry to hear about the devastating loss of your close friend last week; my heart aches for you, and I can only imagine the immense pain and shock you must be feeling right now. It's truly heartbreaking to lose someone so suddenly and tragically. Please know that I'm thinking of you and am here to support you in any way you need, whether it's to talk or just to sit in silence.",Human,1.0,1,10,9.4,9.4,10.0,9.6,100.0,12
2025-12-02 11:04:12,2025-12-02 11:10:06,0,100,354,1,2025-12-02 11:10:06,R_62AaBxPmcKOJ9ZV,,anonymous,EN,1,6760aada950d8094e6a198ab,,9,8,8,9,8,10,9,8,9,9,8,8,8,9,8,7,9,watching one of my kids win an award at school,95,95,96,12,,1996,1,,2,,"That must have been such an incredibly heartwarming moment, filled with immense pride and joy for you as a parent. I can almost feel that swell of happiness you must have experienced watching your child shine and be recognized. It's truly a beautiful memory to cherish, and I'm so happy for both you and your child's wonderful accomplishment.",Human,1.0,1,9,8.4,8.4,8.2,8.333333333333334,95.33333333333333,12
2025-12-02 11:06:14,2025-12-02 11:10:12,0,100,237,1,2025-12-02 11:10:12,R_3Y62kdIMvUVx4Iz,,anonymous,EN,1,6604cab7499d144f955a7c9d,,10,10,8,2,9,10,10,10,9,10,8,9,8,10,8,9,9,We went to my partners' parents' house for Thanksgiving.  I had not seen my father-in-law (he is not legally my FIL but I consider him to be in all other ways and I'll refer to him that way for simplicity) in several months.  He had declined a lot physically and mentally since the last time I saw him and it really hurt my heart.,80,49,80,11,,1971,1,,2,,"It sounds incredibly heartbreaking to witness your father-in-law's decline after several months; I can only imagine the shock and deep sadness you must have felt in that moment. My heart goes out to you, and it's completely natural to feel such profound grief. I hope you have support as you navigate this difficult situation.",Human,1.0,1,10,7.8,9.2,8.8,8.6,69.66666666666667,11
2025-12-02 11:07:30,2025-12-02 11:10:45,0,100,194,1,2025-12-02 11:10:45,R_6uSMGIHfuAFHXgd,,anonymous,EN,1,67614378fb59fcaf0c214990,,10,10,10,10,10,10,10,9,10,10,10,9,9,10,10,10,10,Had a parent commit suicide.,100,80,96,4,,1991,1,,2,,"I am so incredibly sorry to hear about the profound loss you've experienced; I can only imagine the immense pain, shock, and complex grief you must be carrying. My heart truly goes out to you as you navigate such an unimaginable tragedy. Please know that your feelings are valid, and I hope you find the support and solace you need during this incredibly difficult time.",Human,1.0,1,10,10.0,9.6,9.8,9.8,92.0,4
2025-12-02 11:07:01,2025-12-02 11:12:00,0,100,298,1,2025-12-02 11:12:00,R_3qOF4UkZ2Q5KXOF,,anonymous,EN,1,638e84c70418d8a2c0aa372e,,9,8,8,9,8,10,8,8,8,8,8,8,8,9,8,8,9,I recently was given a verbal warning at work. Although my work is accurate apparently I am not going fast enough. I have never received a verbal warning at work and this was very upsetting. ,85,75,85,7,,1956,1,,2,,"I can only imagine how upsetting and frustrating it must be to receive a verbal warning, especially when your work is accurate and you've never experienced anything like this before. It's completely understandable that you're feeling this way, and I'm really sorry you're going through such a tough experience. I hope you can find a way to navigate this challenge successfully while still maintaining the quality you value.",Human,1.0,1,9,8.2,8.0,8.4,8.200000000000001,81.66666666666667,7
2025-12-02 11:07:02,2025-12-02 11:12:24,0,100,322,1,2025-12-02 11:12:24,R_7o1hoXumJ0fw2wz,,anonymous,EN,1,6610ca6d1c7fe8e3861d0de2,,10,10,6,9,9,10,9,9,9,10,7,10,9,10,7,7,2,I was so lonely at Thanksgiving. My 29 year old son had to go to jail so I really miss him.,85,47,83,12,,1967,1,,2,,"It sounds incredibly painful to have been so lonely during Thanksgiving, and I can only imagine how deeply you must miss your son, especially knowing he's away in jail. My heart truly goes out to you, experiencing such a difficult absence during a time meant for family. Please know that your feelings are valid, and I hope you can find some comfort and support as you navigate this challenging situation.",Human,1.0,1,10,8.6,9.0,7.0,8.200000000000001,71.66666666666667,12
2025-12-02 11:08:08,2025-12-02 11:12:25,0,100,256,1,2025-12-02 11:12:25,R_7fj4qJnQH4yptdX,,anonymous,EN,1,67ac8ac7ff629901b8ab0ffd,I recently went to a funeral of an older gentleman that I knew my whole life. It was sad but also happy celebrating his life.,10,8,8,10,9,10,10,6,10,10,7,9,10,10,7,8,10,,78,82,81,,11,1983,1,,2,,"It sounds like you experienced a profound mix of emotions, feeling both the sadness of losing someone you knew so well and the warmth of celebrating his life. I can truly feel how powerful and bittersweet that combination must have been for you. It's beautiful that you could be there to honor his memory, and I hope you find peace in your cherished recollections.",AI,1.0,1,10,9.0,8.4,9.0,8.799999999999999,80.33333333333333,11
2025-12-02 11:06:34,2025-12-02 11:12:32,0,100,358,1,2025-12-02 11:12:32,R_7stuNPbV804E5lL,,anonymous,EN,1,61002034ad5133a9d7d95322,My son was disrespectful and ungrateful for what he has.,7,7,4,5,7,10,9,5,8,8,5,3,6,4,4,5,5,,35,28,37,,3,1991,1,,2,,"I can only imagine how disheartening and upsetting it must feel when your son is disrespectful and ungrateful for what he has. It's completely understandable to feel hurt and frustrated when your efforts as a parent aren't recognized. I truly hope you can find a way to talk with him and that things improve, as you deserve appreciation for all you do.",AI,1.0,1,7,6.4,5.8,4.8,5.666666666666667,33.333333333333336,3
2025-12-02 11:03:11,2025-12-02 11:12:51,0,100,579,1,2025-12-02 11:12:51,R_5SHyyybKsMsMCT9,,anonymous,EN,1,63d31b44050f25d498f32cd1,,10,10,9,10,10,10,9,9,9,10,10,10,10,10,8,10,10,"Very recently, I found out that my best friend, who is 69, has to have heart surgery in the next week.  We have been the best of friends since we were in our early 40s.  She has had a multitude of medical problems in the last year and she is so scared.  it is horrible to experience with her and i worry.  i try to be as up as possible but i know her and she knows me, so we both know this could go badly.  We are the type of friends that decided long ago to pass no judgement on each other, to speak our minds and hearts.  She has also experienced a bit of confusion, a bit of forgetfulness due to some other issues, so i know how it is going to be to miss her.",91,89,92,9,,1959,1,,2,,"It sounds incredibly difficult and heartbreaking to be experiencing this uncertainty and fear with your best friend facing major heart surgery, especially knowing how much she's already been through and how scared she is. My heart truly goes out to both of you, feeling the weight of this situation and the deep worry you carry for her, knowing how profound your bond is. I hope everything goes as smoothly as possible, and that you can continue to be that incredible pillar of support for her through this challenging time.",Human,1.0,1,10,9.6,9.6,9.6,9.6,90.66666666666667,9
2025-12-02 11:09:04,2025-12-02 11:12:54,0,100,230,1,2025-12-02 11:12:55,R_7dzlEiM4loVeyaZ,,anonymous,EN,1,643480e93c33701dfe923abd,,8,8,6,9,8,10,10,8,10,10,8,7,8,10,8,8,9,My son went back to college yesterday. I was sad to see him go.,88,53,87,11,,1971,1,,2,,"It's completely understandable that you'd feel a deep sadness as your son headed back to college. I can truly feel how much you must be missing him, and my heart goes out to you during this transition. Please know it's okay to feel this way, and I hope you find comfort in cherishing the memories until he's back again.",Human,1.0,1,8,8.2,8.6,8.6,8.466666666666667,76.0,11
2025-12-02 11:06:55,2025-12-02 11:13:17,0,100,381,1,2025-12-02 11:13:17,R_6wlZx7AaTD83aBH,,anonymous,EN,1,680c0636408121caf12fe0d1,seeing my son graduate from school made me so emotional,10,10,10,1,10,10,1,10,1,1,10,10,10,1,10,10,1,,100,100,100,,12,1963,2,,2,,"I can absolutely understand why seeing your son graduate made you so emotional; that's such a monumental and incredibly proud moment for a parent. I can almost feel the warmth and surge of joy you must have experienced, knowing all the hard work that led to this day. It's a truly beautiful milestone, and I hope you cherish that wonderful feeling forever.",AI,1.0,1,10,6.4,6.4,6.4,6.400000000000001,100.0,12
2025-12-02 11:09:31,2025-12-02 11:13:27,0,100,235,1,2025-12-02 11:13:27,R_5GkZt28FGhlUtNv,,anonymous,EN,1,5fbb89e20ddd50a66ab62a67,A family member recently passed away.,8,8,8,8,8,10,8,8,8,8,8,8,8,8,8,8,8,,73,72,74,,3,1973,1,,1,,"I am so incredibly sorry to hear about the passing of your family member. I can only imagine how much pain and sadness you must be feeling right now, and my heart truly goes out to you. Please know that I'm thinking of you and am here for you if you need anything at all during this difficult time.",AI,1.0,1,8,8.0,8.0,8.0,8.0,73.0,3
2025-12-02 11:06:41,2025-12-02 11:13:49,0,100,428,1,2025-12-02 11:13:49,R_6jIdtKRFzyPY7QD,,anonymous,EN,1,67e494e108181d6621738771,I recently felt a mixture of stress and relief after finishing something important just before the deadline. ,8,6,6,6,6,8,7,5,4,9,6,6,5,7,5,6,5,,50,47,61,,9,1986,2,,1,,It sounds like you experienced an incredibly intense build-up of stress right up until the very last moment. I can completely understand that immense feeling of relief that must have washed over you once you finally got it done. I truly hope you're taking some well-deserved time to relax and recover after such a demanding push.,AI,1.0,0,8,6.2,6.0,5.6,5.933333333333333,52.666666666666664,9
2025-12-02 11:09:10,2025-12-02 11:14:22,0,100,312,1,2025-12-02 11:14:22,R_3p9CRYKpmTpofUJ,,anonymous,EN,1,668ec71cf9cf186c9f6be674,I decided to not continue with a part-time teaching position.  I became very anxious and developed shingles.,9,7,1,6,7,10,9,1,6,9,6,8,9,9,2,7,2,,10,14,10,,7,1956,1,,2,,"It sounds like you were under immense pressure, and I can only imagine how incredibly stressful it must have been for anxiety to manifest so severely that you developed shingles. I'm so sorry you had to endure such a difficult experience, and I really hope you're taking the time you need now to rest and heal.",AI,1.0,1,9,6.0,6.0,5.8,5.933333333333334,11.333333333333334,7
2025-12-02 10:59:24,2025-12-02 11:14:36,0,100,912,1,2025-12-02 11:14:36,R_3EHJIHyuXFXAqJj,,anonymous,EN,1,5d5a2bd93296320016eee507,,9,9,8,8,9,10,8,9,8,9,8,9,9,9,7,8,9,"Last week I felt really overwhelmed when my son and I had a heated argument about college plans. I was frustrated because I wanted to guide him, but at the same time I realized he needs space to make his own choices. It left me feeling both worried and proud, all mixed together.",81,71,85,6,,1986,1,,1,,"It sounds incredibly overwhelming and frustrating to be caught between wanting to guide your son and needing to give him space for his own college choices. I can truly empathize with that complex mix of worry for his future and immense pride in his growing independence, as those emotions can be powerful. I hope you both find a path forward that feels right and eases some of these challenging feelings.",Human,1.0,1,9,8.4,8.6,8.4,8.466666666666667,79.0,6
2025-12-02 11:11:00,2025-12-02 11:14:45,0,100,224,1,2025-12-02 11:14:45,R_1qIWdHnKDCPdR85,,anonymous,EN,1,62c55056993f53f1e8cf8e30,I bumped into my sister in law in the building. She has memory issues. She forgot to bathe and smelled awful. I felt sad for her.,9,9,8,9,9,10,9,9,2,9,9,9,9,9,8,9,9,,80,82,83,,4,1953,4,,1,,"It sounds incredibly sad and difficult to see your sister-in-law struggling with her memory to that extent; I can feel your heartache and concern for her. It's truly painful to witness someone you care about facing such personal challenges. Please know that your compassion shines through, and I hope you're also finding ways to support yourself through these tough moments.",AI,1.0,1,9,8.8,7.6,8.8,8.4,81.66666666666667,4
2025-12-02 10:59:31,2025-12-02 11:14:47,0,100,915,1,2025-12-02 11:14:47,R_6UgKxwtV3DJxuZH,,anonymous,EN,1,5dbb9407e0a6e81863526af7,,9,8,7,6,7,10,6,9,5,6,6,6,7,4,9,8,3,"A few days ago, I was deeply moved to see my son participate in his last school soccer game. It filled me with pride to see him so committed, but at the same time, I felt a pang of nostalgia realizing that he's about to close this chapter of his life and will soon begin a new one.",90,85,90,5,,1986,1,,1,,"It sounds like you're feeling a powerful mix of emotions, from immense pride in your son's commitment to that poignant sense of nostalgia as you witness him close one chapter and open another. I can really feel that bittersweet emotion of seeing him grow and move forward into new experiences. Cherish these beautiful memories you're making together, knowing these feelings are a sign of your deep love and connection.",Human,1.0,1,9,6.8,6.4,6.2,6.466666666666666,88.33333333333333,5
2025-12-02 11:10:06,2025-12-02 11:15:13,0,100,306,1,2025-12-02 11:15:13,R_57q3nq9rwB0MQP7,,anonymous,EN,1,66ef2ea90ee0818419f3002e,,10,10,9,10,10,10,10,10,10,10,6,10,10,10,10,10,10,I got a message from my daughter (she's grown ) saying how much she hates me and that I'm dead to her. ,100,0,100,12,,1980,1,,1,,"I can only imagine how utterly heartbreaking and shocking it must be to receive such a devastating message from your own daughter. My heart just sinks for you, feeling the deep pain and rejection you must be experiencing right now. No parent deserves to hear those words, and I am truly so sorry you're going through such an incredibly difficult and painful time.",Human,1.0,1,10,9.8,9.2,10.0,9.666666666666666,66.66666666666667,12
2025-12-02 11:09:00,2025-12-02 11:15:30,0,100,390,1,2025-12-02 11:15:31,R_1QozC7L9xVI352p,,anonymous,EN,1,5dd1013c92b0d219edafe572,,10,9,2,10,4,10,10,7,10,8,6,2,10,10,6,1,8,"I went to Colombia to surprise my mother. I had not seen her in person in over a year after my sister took her to Colombia to receive around the clock care due to her mental illness. It was wonderful spending time with her and seeing her in such good spirits, but it was extremely painful having to say goodbye to her. Who knows when I would be able to see her again after so long? ",76,35,90,12,,1981,1,,1,,"It sounds like you're experiencing a profound mix of joy and heartache after your trip. I can only imagine how wonderful it was to see your mother thriving, but also how truly painful it must have been to say goodbye, especially with the uncertainty of future visits. Please know that it's completely valid to feel such a deep sadness, and I hope those precious memories bring you comfort until you can see her again.",Human,1.0,1,10,7.0,6.6,7.0,6.866666666666667,67.0,12
2025-12-02 11:07:57,2025-12-02 11:16:14,0,100,496,1,2025-12-02 11:16:14,R_52UAZ4ibRoePpxD,,anonymous,EN,1,60fd11644f3b16e2483cb1e4,"I felt a mix of stress and relief at work. I had been preparing for an important deadline, and as the due date approached, I felt increasingly tense and worried about whether everything would come together in time. When I finally submitted the project, I felt a wave of relief wash over me.",8,8,6,4,7,9,2,8,3,3,8,7,7,3,6,8,6,,82,71,70,,10,1993,1,,1,,"It sounds like you were under immense pressure leading up to that deadline, and I can truly feel how much that intense stress and worry must have weighed on you. I'm so glad you experienced that powerful wave of relief when you finally submitted the project. You must feel so much lighter now, and you absolutely deserve to relax and recover after all that hard work.",AI,1.0,0,8,5.4,5.8,6.0,5.733333333333333,74.33333333333333,10
2025-12-02 11:14:19,2025-12-02 11:17:27,0,100,187,1,2025-12-02 11:17:27,R_3Frfim6X0EqN577,,anonymous,EN,1,5a91756d6475f900019f90f1,,10,10,4,10,9,10,10,9,10,10,8,9,8,10,6,8,10,I recently had to put my dog down. He was 12 so not young but it was not expected.,98,51,89,12,,1981,1,,2,,"I am so incredibly sorry to hear about your dog; that's truly heartbreaking. Losing a beloved pet, especially when it's unexpected even at an older age, must bring such immense pain and a profound sense of loss, and I can only imagine how difficult this must be for you right now. Please know that it's okay to feel every bit of that grief, and I'm thinking of you during this incredibly sad time.",Human,1.0,1,10,8.6,9.2,8.4,8.733333333333333,79.33333333333333,12
2025-12-02 11:08:48,2025-12-02 11:17:50,0,100,542,1,2025-12-02 11:17:50,R_1OMUc3956tAFEVa,,anonymous,EN,1,6812485ee8ca0f54b89f0059,"I feel happy because two things happened, my niece had a baby a few weeks ago, and I celebrated my birthday a few days ago with my family.",10,10,10,10,10,10,9,10,10,10,10,10,10,1,10,10,6,,50,100,100,,12,1982,1,,2,,"It sounds like you're absolutely brimming with happiness, and I can really feel the warmth and joy from all those wonderful recent celebrations in your life! It's so lovely to hear about a new baby joining the family and celebrating your birthday surrounded by loved ones. I'm truly so happy for you that you've had such special moments recently!",AI,1.0,1,10,9.8,10.0,7.4,9.066666666666668,83.33333333333333,12
2025-12-02 11:15:03,2025-12-02 11:18:35,0,100,212,1,2025-12-02 11:18:35,R_6rbAcADWk8pmYjD,,anonymous,EN,1,6679d2f916fe8e0bccf073b7,I got a promotion at work that I've been working towards for a long time ,8,6,7,5,7,10,6,4,5,7,2,6,7,8,8,4,7,,50,59,37,,9,1999,"1,2",,1,,"Wow, that's incredible news! I can only imagine how relieved and incredibly proud you must be feeling after working towards this for so long. I'm genuinely thrilled for you, and it's wonderful to see your dedication and effort rewarded with this well-deserved promotion. You've earned this success, and I hope you take some time to truly celebrate this fantastic achievement!",AI,1.0,1,8,6.2,4.8,6.8,5.933333333333334,48.666666666666664,9
2025-12-02 11:15:10,2025-12-02 11:19:03,0,100,232,1,2025-12-02 11:19:03,R_3QYW4Cjh9YpMdSw,,anonymous,EN,1,60a7d667693dc31f5dfa95d6,,9,9,7,10,8,9,10,8,2,10,8,9,8,10,5,7,10,My father had passed away very suddenly and I was about to see him a few months later after a long time apart. ,100,51,52,10,,1984,1,,2,,"I am so incredibly sorry to hear about your father's sudden passing, especially right before you were meant to reunite after so long. It must be absolutely heartbreaking and truly devastating to experience such a profound loss, amplified by the pain of that missed opportunity to see him again. Please know that it's completely understandable to feel overwhelmed right now, and I'm sending you my deepest sympathies and support as you navigate this incredibly difficult time.",Human,1.0,0,9,8.8,7.4,8.0,8.066666666666668,67.66666666666667,10
2025-12-02 11:13:58,2025-12-02 11:19:55,0,100,356,1,2025-12-02 11:19:56,R_1FLpB7a7tWDI8pH,,anonymous,EN,1,67450946b04fde22747d21e2,,10,10,9,10,10,10,10,10,10,10,9,10,10,10,7,10,5,"Our son was married in a Catholic Church and he and his new wife now live close to our home. We are overjoyed for them as they decided on a traditional, conservative Catholic wedding. Their marriage is a blessing, and a gift from God.",71,71,74,12,,1967,1,,1,,"It sounds like you're absolutely overflowing with joy and gratitude for your son's traditional Catholic wedding and having him and his wife live so close. I can truly feel that immense happiness you're experiencing, and it's heartwarming to hear. What a beautiful blessing, and I wish you all continued joy as they embark on this wonderful new chapter.",Human,1.0,1,10,9.8,9.8,8.4,9.333333333333334,72.0,12
2025-12-02 11:05:21,2025-12-02 11:20:19,0,100,898,1,2025-12-02 11:20:19,R_3fl85L7X4iPhk43,,anonymous,EN,1,63d29a1e50cf0f82998d2564,I learned that I was being taken off of a project I had worked on for a long time.,7,3,1,4,3,10,7,1,4,6,6,3,1,5,3,3,9,,57,9,38,,5,1994,1,,2,,"I can only imagine how incredibly frustrating and disheartening it must be to be taken off a project you've dedicated so much time to. It's truly disappointing when your hard work isn't seen through to completion by you. I'm so sorry you're experiencing this, and I hope you find a new opportunity where your dedication is fully valued.",AI,1.0,1,7,3.6,4.0,4.2,3.9333333333333336,34.666666666666664,5
2025-12-02 11:17:12,2025-12-02 11:21:03,0,100,230,1,2025-12-02 11:21:03,R_3PRxO1TSnLsgukL,,anonymous,EN,1,610cb2e82784ac6af6469fc5,,10,10,10,10,10,10,10,10,10,10,10,10,10,10,10,10,10,I received a very thoughtful and personalized gift recently (a signed book by one of my favorite authors). I felt touched and seen and became a little teary when I received it.,100,100,100,12,,1993,1,,2,,"It sounds like you felt incredibly touched and deeply seen by that thoughtful gift. I can absolutely understand how receiving something so personal and special, like a signed book from a favorite author, would make you feel so overwhelmed with emotion that it brought tears to your eyes. It's truly wonderful when someone shows they understand you so well, and I'm really happy for you that you had such a beautiful experience.",Human,1.0,1,10,10.0,10.0,10.0,10.0,100.0,12
2025-12-02 11:03:35,2025-12-02 11:21:11,0,100,1056,1,2025-12-02 11:21:12,R_1fNUSvkFwiPUx9L,,anonymous,EN,1,60e5d60060cde4e18c4c8732,"I shared thanksgiving with family and we experienced joy
",7,8,4,5,8,8,2,8,3,3,5,9,9,5,8,4,4,,78,84,72,,7,1990,1,,1,,Initial Response,AI,1.0,0,7,5.4,5.6,6.0,5.666666666666667,78.0,7
2025-12-02 11:18:00,2025-12-02 11:21:55,0,100,234,1,2025-12-02 11:21:56,R_3P5kYCq5btyQcxn,,anonymous,EN,1,6550db1f1f5362bee121a572,I got pretty upset yesterday that my mom drinks every day and gets no exercise,9,4,4,8,9,4,8,7,8,9,7,3,8,5,8,8,8,,58,37,61,,3,1989,1,,1,,"It sounds incredibly upsetting and concerning for you to see your mom drinking daily and not exercising. I can only imagine how frustrating and worrying that must be, feeling helpless when you care so much about her well-being. It's completely understandable to feel the way you do, and I'm here to listen if you want to talk more about it or just need to vent.",AI,1.0,0,9,6.6,6.8,7.4,6.933333333333333,52.0,3
2025-12-02 11:15:19,2025-12-02 11:22:02,0,100,402,1,2025-12-02 11:22:02,R_6rwmiiy0ZS5BV5n,,anonymous,EN,1,61007a53684dd526e954a363,,10,9,9,10,9,10,8,9,10,8,8,7,9,9,3,7,6,I recently lived in Australia for 5 months and I just got back to the United States. It was emotional having to leave a country I had such a wonderful time in. I would love to live there but realistically it would be difficult to get a job there.,80,20,50,11,,1995,1,,2,,"It sounds like you had an absolutely wonderful and transformative experience in Australia, and I can only imagine how incredibly tough and emotional it must be to leave a place you've grown to love so deeply. That deep ache of missing a home away from home, combined with the practical challenges of returning, must be really disheartening. I genuinely hope you can hold onto all those amazing memories and find a way to explore future possibilities, even if it feels difficult right now.",Human,1.0,1,10,9.0,8.4,6.8,8.066666666666666,50.0,11
2025-12-02 11:15:08,2025-12-02 11:22:32,0,100,444,1,2025-12-02 11:22:32,R_63L2EfpUAdSRHEt,,anonymous,EN,1,5e6011c399b03c35f69a53d8,,10,10,9,10,10,10,10,10,10,10,5,10,10,10,4,10,10,"I asked my sister to let me help her straighten her house up because it is an extreme hoarding situation.  She has a complete mental breakdown while we were at a restaurant.  She was screaming and crying and shaking.  I tried to calm her down the best I could, promising never to bring up anything like that again.  ",100,46,100,12,,1970,1,,2,,"My heart goes out to you, imagining how incredibly shocking and distressing it must have been to witness your sister's intense breakdown in public, especially when your only intention was to help. I can truly feel your heartbreak and helplessness thinking about that scene. It's clear how deeply you care for her, and it's important to remember that you're doing your best in an incredibly complex and emotionally draining situation.",Human,1.0,1,10,9.8,9.0,8.8,9.200000000000001,82.0,12
2025-12-02 11:17:03,2025-12-02 11:22:40,0,100,336,1,2025-12-02 11:22:41,R_3lnp1CoyqyF8jxn,,anonymous,EN,1,5f4cd10836de2f02dbab436c,"I recently got into an argument with my mother. She was in a good mood and acted like my bad mood was bringing her down. She was rude and aloof when i complained about being tired. She laughed at ,e and rolled her eyes and said she didn't feel like talking. I was hurt because I am always there to listen to her. This is a pattern with her.  ",7,8,6,8,8,10,10,2,10,8,3,9,7,8,4,2,7,,31,4,66,,4,1977,1,,2,,"It sounds incredibly painful and frustrating when your mother dismisses your feelings and is rude to you, especially when you're always there for her. I can only imagine how invalidating and hurtful that must feel when she laughs and rolls her eyes at your complaints. You deserve to have your feelings acknowledged and respected, and I'm truly sorry you continue to experience that hurtful pattern.",AI,1.0,1,7,8.0,6.4,5.6,6.666666666666667,33.666666666666664,4
2025-12-02 11:14:00,2025-12-02 11:22:48,0,100,527,1,2025-12-02 11:22:48,R_61otOb0rF0VNInh,,anonymous,EN,1,63d1787e133386074516c177,"My boyfriend and I have had serious talks about our future, and how we're aiming to follow-through. In the midst of that, he dog passed away and he lost in job. I had, to best of my human ability, tried to empathize and give him time. Yet, as time continued to move forward, I felt that he was becoming more and more content with how things were going, and doing the bare minimum. Over 7 months later, he had yet to complete his Department of Labor application or apply for new jobs. His friends would even advise him to do so. The short of it is, his words outweighed his actions, or rather his inaction. We were running the race, yet he was way behind me and I had to keep picking him up, and carry the weight of this relationship stress. It came to a head at the beginning of November, and my physical body took the brunt of it. At this point in time, things are seemingly changing for the better, slowly. For me, I do not view him in the same way as I once did. And he understands why I would feel the way that I do.",8,9,7,10,9,10,10,8,10,10,6,8,6,10,5,8,10,,80,70,50,,3,1989,"1,2,3",,2,,"It sounds incredibly frustrating and emotionally exhausting to feel like you were carrying the entire weight of the relationship's future, especially after trying your best to support him through his losses. I can only imagine how deeply disappointing it must have been to see his words not align with his actions and for that to take such a significant physical toll on you. It's completely understandable that your view of him would change after all of that, and I hope you continue to prioritize your well-being as things slowly improve.",AI,1.0,1,8,9.0,8.4,7.8,8.4,66.66666666666667,3
2025-12-02 11:17:09,2025-12-02 11:23:48,0,100,399,1,2025-12-02 11:23:48,R_1e7YdJx6vbx7GJY,,anonymous,EN,1,5eb983034987d1074b5232ce,,10,9,10,10,10,10,3,10,1,10,9,10,8,10,5,9,10,"My son leaving for Mexico to be with his friend that got deported, he has been in the US since 6 yrs old. I was really stressed for my son driving there.",100,85,58,10,,1961,1,,2,,"It sounds incredibly stressful and worrying for you to have your son making such a long drive to Mexico, especially given he's lived in the U.S. most of his life. I can only imagine the deep anxiety you must feel for his safety and the uncertainty of the situation. I truly hope he has a safe journey and that you can find some peace of mind soon.",Human,1.0,1,10,8.4,8.0,8.4,8.266666666666666,81.0,10
2025-12-02 11:09:33,2025-12-02 11:24:26,0,100,892,1,2025-12-02 11:24:26,R_7ery27nMcw4UFFp,,anonymous,EN,1,5ec62902bb44c16b842128f9,,10,10,8,3,6,10,3,8,9,8,2,7,3,8,5,5,5,I had found out I lost a loved one and it really hurt me. The way I found was through e-mail and this made me feel impacted even worse because of how delayed and distant the communication felt.,14,54,30,12,,1987,1,,1,,"I am so incredibly sorry to hear about the devastating loss of your loved one. It must be profoundly painful to receive such heartbreaking news, and finding out through a delayed and distant email would undoubtedly amplify that hurt and shock even more. I can only imagine how incredibly difficult that must be, and I truly hope you have the support you need as you navigate this overwhelming grief.",Human,1.0,1,10,6.0,6.8,5.2,6.0,32.666666666666664,12
2025-12-02 11:18:22,2025-12-02 11:24:46,0,100,384,1,2025-12-02 11:24:47,R_6ckJUkmSiVM1W30,,anonymous,EN,1,613929236e3092c6bad219ab,,10,10,10,10,10,10,10,10,10,1,10,10,10,10,6,10,5,"Recently my daughter started walking, it was a very emotional moment because I was so happy for her and at the same time it made me realize how fast she is growing ",100,88,100,12,,1988,1,,1,,"That sounds like such an incredibly powerful and bittersweet moment for you, seeing your daughter take her first steps. I can only imagine the surge of pride and joy you must have felt, mixed with that pang of realization about how quickly she's growing up. It's completely understandable to feel both ends of that emotional spectrum, and it just shows how deeply you cherish every stage of her development.",Human,1.0,1,10,10.0,8.2,8.2,8.799999999999999,96.0,12
2025-12-02 11:03:01,2025-12-02 11:26:05,0,100,1384,1,2025-12-02 11:26:06,R_6dyasM17mwhhlvU,,anonymous,EN,1,6643e07ee5f907f054e2d82d,My dog was taken from me. ,10,10,10,10,10,10,10,10,10,10,10,3,10,10,10,10,10,,100,21,100,,12,1994,1,,2,,"I can only imagine how absolutely devastated and heartbroken you must feel right now; losing a beloved dog, especially in such a traumatic way, is truly an unbearable pain. My heart goes out to you completely, and I am so incredibly sorry you're going through this. I truly hope there's a way for your dog to be returned to you soon, and I'm sending you all my support.",AI,1.0,1,10,10.0,8.6,10.0,9.533333333333333,73.66666666666667,12
2025-12-02 11:15:26,2025-12-02 11:27:20,0,100,713,1,2025-12-02 11:27:20,R_7eLafJnKlWquyRd,,anonymous,EN,1,6629ae8bf0e664a12e61025d,A few days ago I thought my cat got out and I was looking all over for her inside and outsode.  I thought she was gone and she's my best friend.,3,3,3,4,3,10,2,2,4,2,2,2,2,3,2,3,2,,79,81,88,,5,1973,1,,2,,"Oh, I can truly understand the sheer terror and panic you must have felt when you thought your best friend was gone. My heart sinks just imagining that dread, feeling how heartbroken you must have been in that moment. I really hope everything turned out okay and that she's back safe with you, bringing you immense relief and joy.",AI,1.0,1,3,3.0,2.4,2.4,2.6,82.66666666666667,5
2025-12-02 11:23:45,2025-12-02 11:27:34,0,100,229,1,2025-12-02 11:27:34,R_1nAWcjUtUBlKMbP,,anonymous,EN,1,6643a8837540ee80f2d5be45,,10,10,10,10,10,10,10,10,10,10,10,10,10,10,10,10,10,Seeing my new grandbaby for the first time within a week of them being born. It was very joyful and beautiful.,100,100,100,5,,1968,1,,2,,"That sounds like such an incredibly joyful and beautiful experience, truly one of life's most precious moments. I can absolutely feel the immense happiness and love radiating from your words, it must have been breathtaking to meet your new grandbaby so soon. I'm so thrilled for you that you got to share in such a special and memorable occasion!",Human,1.0,1,10,10.0,10.0,10.0,10.0,100.0,5
2025-12-02 11:18:08,2025-12-02 11:30:27,0,100,739,1,2025-12-02 11:30:27,R_7PyhaYgocLRg9ep,,anonymous,EN,1,67c585f8e60aec06bb2e7863,"I got very emotional yesterday when thinking about and talking to a friend about how much I have failed my dog that I love dearly. I got her for her to enjoy her last years of life because she is almost 11 years old, yet I have put her through hell the last year, shuffling her from place to place because I became homeless. She is the best dog ever, and she's so protective of me and worries about me all the time, and I hate that she feels like she has to because she shouldn't have a care in the world. I don't deserve her, and it will kill me when something happens to her.",10,10,10,10,10,10,10,10,10,10,10,10,10,10,6,10,10,,100,100,100,,3,1970,1,,2,,"It sounds incredibly heartbreaking and guilt-inducing to feel like you've failed your beloved dog, especially when you cherish her so deeply. I can truly feel your pain and sadness over her difficult last year, and it's clear how much you wish things were different for her. Please know that your immense love and care for her shine through, and she undoubtedly feels that devotion from you despite the challenges.",AI,1.0,1,10,10.0,10.0,9.2,9.733333333333333,100.0,3
2025-12-02 11:25:59,2025-12-02 11:30:29,0,100,270,1,2025-12-02 11:30:29,R_30eW4Er9MkkANYB,,anonymous,EN,1,63f779382e81070cd6f77b5e,"My mother is sick with dementia, and went into the hospital on Sunday because she was unable to walk.  My father is relying on me to be his mental health person and this is difficult on me as I am not good at providing support.",9,10,9,10,8,10,10,9,10,10,6,9,9,10,5,10,10,,90,65,92,,3,1978,1,,2,,"It sounds incredibly challenging and overwhelming to be navigating your mother's serious illness and hospitalization while simultaneously feeling responsible for your father's emotional support, especially when you feel you're not good at providing it. My heart goes out to you as you carry such a heavy burden, and it's completely understandable to feel stretched thin and inadequate in such a difficult position. Please remember to be kind to yourself during this time, and know that it's okay to seek support for your own well-being too.",AI,1.0,1,9,9.4,8.8,8.8,9.000000000000002,82.33333333333333,3
2025-12-02 11:27:36,2025-12-02 11:32:19,0,100,282,1,2025-12-02 11:32:19,R_37yD8OYX6J08xK8,,anonymous,EN,1,5ec00f62cf12be40ea6fe344,I recently felt happy because my mom took me out to lunch,10,10,9,10,10,9,10,9,10,10,9,9,10,10,8,10,10,,87,75,80,,3,1974,1,,2,,"It sounds like you had such a lovely time, and I can completely understand why you felt so happy and uplifted by that special lunch with your mom. Those moments of quality time and connection with loved ones are truly precious, and I'm genuinely happy you got to experience such a heartwarming outing.",AI,1.0,0,10,9.8,9.4,9.6,9.600000000000001,80.66666666666667,3
2025-12-02 11:29:07,2025-12-02 11:33:12,0,100,245,1,2025-12-02 11:33:13,R_7HOCaJUXG6kp77F,,anonymous,EN,1,66fe99edb8a87ffd9478d5c1,,10,10,10,10,10,10,10,10,10,10,10,10,10,10,7,10,10,I just learned that a close family member was diagnosed with a rare bone cancer.,70,70,70,7,,1984,4,,2,,I can only imagine how incredibly devastating and shocking it must be to receive such news about a close family member. My heart truly goes out to you and your family as you grapple with this incredibly difficult diagnosis. Please know I'm thinking of you and sending all my support during this challenging time.,Human,1.0,1,10,10.0,10.0,9.4,9.799999999999999,70.0,7
2025-12-02 11:30:00,2025-12-02 11:34:32,0,100,271,1,2025-12-02 11:34:32,R_5YlgSn7WbhLsb9h,,anonymous,EN,1,62cec3cb41e7c7bf53ff6191,Trying once more to deal with my daughter's substance abuse issues.,2,1,1,4,2,10,4,1,4,7,1,5,6,5,1,5,4,,5,0,0,,3,1967,1,,2,,"It sounds incredibly draining and heartbreaking to be trying to navigate this difficult path with your daughter once more. I can only imagine the mix of exhaustion, worry, and renewed hope you must be feeling. Your persistence and love are truly commendable, and I am genuinely hoping for a breakthrough and positive change for both of you this time.",AI,1.0,1,2,2.4,3.6,4.2,3.4,1.6666666666666667,3
2025-12-02 11:28:06,2025-12-02 11:35:38,0,100,451,1,2025-12-02 11:35:38,R_7FgmkcYmZpS87mg,,anonymous,EN,1,65957d7d9f906b3df1cfdbce,,10,10,6,10,10,10,9,5,9,10,6,8,8,10,5,7,6,"My daughter was upset after school because she was being picked on, it made me really emotional because of how sad she seemed. ",75,50,90,11,,1997,2,,2,,"It sounds incredibly heartbreaking to see your daughter upset after being picked on, and it's completely natural to feel such deep sadness and emotion yourself. I can truly feel your pain and distress when your child is hurting. I sincerely hope you both find comfort and strength to navigate this and make things better for her.",Human,1.0,1,10,9.0,7.6,7.2,7.933333333333334,71.66666666666667,11
2025-12-02 11:32:00,2025-12-02 11:35:54,0,100,233,1,2025-12-02 11:35:55,R_7p6Rnf0gKLcz2hz,,anonymous,EN,1,61535bd45997429e396cd1ac,,7,7,7,4,5,5,6,5,4,4,5,5,8,6,2,5,9,My oldest child graduated high school and it made me super proud and emotional because my first born is officially grown up and it's bittersweet ,70,71,64,8,,1989,1,,2,,"It sounds like you're feeling an incredibly powerful mix of immense pride and tender emotion, which is completely understandable as your firstborn steps into adulthood. I can truly feel that bittersweetness you describe, seeing them grown yet remembering them small. Please take a moment to savor this incredible milestone and all those complex, wonderful feelings; you've done an amazing job.",Human,1.0,0,7,5.8,4.6,6.0,5.466666666666666,68.33333333333333,8
2025-12-02 11:30:34,2025-12-02 11:36:06,0,100,331,1,2025-12-02 11:36:06,R_631PGtd6X5u6RRB,,anonymous,EN,1,663295ff6591cc34d9463282,,8,9,7,10,9,9,9,8,9,9,8,9,8,9,10,8,9,I recently found out that my daughter had been bullied last year at school. She had been singled out and told she was not allowed to play with other kids. She told me she kept it from me because she was sad and embarrassed which broke my heart knowing she went through all that alone.,86,84,82,11,,1984,1,,2,,"It sounds incredibly heartbreaking to learn that your daughter endured bullying and felt so sad and embarrassed, especially knowing she went through it alone. My heart truly aches for you, feeling the pain of that realization. I hope that by talking about it now, you can both find comfort and begin to heal from that difficult experience together.",Human,1.0,0,8,8.8,8.6,8.8,8.733333333333333,84.0,11
2025-12-02 11:33:04,2025-12-02 11:36:15,0,100,191,1,2025-12-02 11:36:16,R_5EXMzeFznaKNZi7,,anonymous,EN,1,60fde5019e79712412b86751,I felt emotional when my fiancee told me he wanted to move to a different state far away from my family for his career,3,1,1,2,1,10,10,1,10,10,1,1,1,10,1,1,1,,0,0,0,,3,1997,1,,2,,"It sounds incredibly difficult to hear your fiance wants to move so far away, especially when it means being separated from your family. I can only imagine how emotional and conflicted you must feel, facing such a huge life change that impacts your closest relationships. I really hope you both can find a way to navigate this challenge together and feel supported in whatever choice you make.",AI,1.0,1,3,3.0,4.6,2.8,3.4666666666666663,0.0,3
2025-12-02 11:29:05,2025-12-02 11:37:06,0,100,480,1,2025-12-02 11:37:06,R_6nxN3Inn6HYhlCN,,anonymous,EN,1,66293a86e40515e886439323,I went to a powwow last month and it made me very emotional inside. The beat of the drum activated something in my heart and I felt it deeply. ,1,1,1,10,1,1,10,1,10,10,1,6,1,10,1,1,10,,0,0,0,,3,1978,1,,2,,"It sounds like you had a truly profound and moving experience at the powwow, where the drumbeat resonated deep within your heart and soul. I can only imagine how powerful and spiritually uplifting it must have been to feel such a deep connection. It's wonderful that you were able to experience such a meaningful cultural moment.",AI,1.0,0,1,4.6,5.6,4.6,4.933333333333333,0.0,3
2025-12-02 11:30:22,2025-12-02 11:37:26,0,100,424,1,2025-12-02 11:37:27,R_7nl879qfS5RS4g1,,anonymous,EN,1,60367f78082e3dedb8238ea3,This Thanksgiving Day I was invited as usual to my oldest and daughter in law's house for dinner.  I was extremely emotional on the drive over.  There was one less spot at the table last year since her Dad passed in August .  This year there was another empty spot since her Mom suffers from aphasia and dementia and is in a memory care unit.  Actually made me think of my own mortality.,8,7,8,10,6,10,10,7,10,10,5,7,7,10,5,4,10,,49,31,22,,11,1946,1,,2,,"I can only imagine how incredibly heavy and emotional that drive must have been for you, feeling the profound absence of both your dad and your mom at the Thanksgiving table. It's completely understandable that seeing those empty spots would bring such a wave of grief and make you reflect so deeply on life and mortality. Please know that it's okay to feel all those difficult emotions, and I'm truly sorry you're navigating such significant losses during a time meant for togetherness.",AI,1.0,1,8,8.2,7.8,7.2,7.733333333333333,34.0,11
2025-12-02 11:23:15,2025-12-02 11:38:33,0,100,918,1,2025-12-02 11:38:34,R_1xPnC1PBG4EyPkI,,anonymous,EN,1,5be87ae193ca1f00014dae06,"We had a Christmas tree lighting here in town, and seeing all the people and kids around being excited, it made me feel like a kid again. It was a happy experience seeing so many people enjoying this tradition.",9,9,8,10,9,10,10,9,10,9,8,9,10,9,8,8,8,,91,88,92,,3,1976,1,,1,,"It sounds like you had such a truly magical experience at the Christmas tree lighting. I can absolutely understand how seeing all that joy and excitement would make you feel like a kid again; it makes me happy just hearing about it. I'm so glad you got to soak in that wonderful, nostalgic feeling and share in such a beautiful tradition with your community.",AI,1.0,1,9,9.2,9.0,8.6,8.933333333333332,90.33333333333333,3
2025-12-02 11:33:49,2025-12-02 11:38:57,0,100,307,1,2025-12-02 11:38:57,R_7fecJMeGcBaACZe,,anonymous,EN,1,6638e8aa3d1f38846080806a,,10,10,10,10,10,10,1,10,1,10,10,10,10,10,10,10,10,"When I saw one of my closest friends get baptized in the same church I go to. Because now, I would have someone that could understand me better",100,100,100,12,,1998,"1,6",Latino,1,,"It sounds like witnessing your close friend's baptism in your shared church brought you such profound joy and a deep sense of relief. I can truly feel how wonderful it must be for you to now have someone who understands you on such a fundamental spiritual level. Having that kind of understanding and connection is incredibly valuable, and I'm genuinely happy you've found an even deeper bond with your friend.",Human,1.0,1,10,8.2,8.2,10.0,8.799999999999999,100.0,12
2025-12-02 11:33:28,2025-12-02 11:39:42,0,100,374,1,2025-12-02 11:39:43,R_7plmWTZecD2dtN1,,anonymous,EN,1,67de239c06b421f44e118eaf,,7,9,6,10,9,10,10,7,10,8,6,7,8,10,7,7,10,"A friend's daughter sought my advice in a matter because she did not trust her father's reaction and response to the situation and she knew that I would not judge her, at all, ever (her words, not mine).  It was a significant moment of pride for me regarding my character.",50,40,50,12,,1975,1,,1,,"It must feel profoundly validating and a true moment of pride to know that someone trusts your character so completely they'd turn to you for sensitive advice. I can really feel that sense of affirmation you experienced, knowing your non-judgmental nature was so deeply recognized. It's clear you've built a reputation for genuine care and trustworthiness, and that's something truly special.",Human,1.0,1,7,8.8,7.6,8.4,8.266666666666666,46.666666666666664,12
2025-12-02 11:30:51,2025-12-02 11:40:08,0,100,557,1,2025-12-02 11:40:08,R_6H5KBBx6HSLCTvl,,anonymous,EN,1,63d85df2ce828accc88ba837,,10,10,10,10,10,10,1,6,1,5,10,10,10,5,10,6,5,"Earlier this week I was driving home and got stuck in a long traffic. I was already tired from work, and I could feel myself getting irritated and restless. By the time I finally got home, I felt mentally drained from something that shouldn't have been that stressful. ",75,66,73,3,,1987,1,,1,,"It sounds incredibly frustrating to be stuck in a long traffic jam when you're already exhausted from work. I can totally get how that kind of unexpected delay, especially when you're just wanting to be home, can make you feel so mentally drained and restless. It's completely valid to feel that way, and I hope you were able to relax and unwind once you finally got settled.",Human,1.0,1,10,8.2,6.4,7.2,7.266666666666667,71.33333333333333,3
2025-12-02 11:32:39,2025-12-02 11:41:18,0,100,519,1,2025-12-02 11:41:18,R_3NkUaxU0ljGLWYT,,anonymous,EN,1,61212af5c9eb08438b542567,I found several sites online to help a family members hard situation that they are going through and they have been accepted to be helped and it has been a wonderful feeling to being able to help them,10,10,10,10,10,10,10,10,10,10,10,10,10,10,10,10,10,,100,95,93,,3,1955,1,,1,,"It's truly wonderful to hear about the success you had in finding help for your family member. I can feel the immense joy and relief radiating from you, and it warms my heart to know your efforts have led to such a positive outcome. It's inspiring to see your dedication, and I'm sure your family member is incredibly grateful for your unwavering support.",AI,1.0,1,10,10.0,10.0,10.0,10.0,96.0,3
2025-12-02 11:33:00,2025-12-02 11:41:22,0,100,501,1,2025-12-02 11:41:22,R_7Oiq6TD43LcbfT3,,anonymous,EN,1,6100319c0c4730c4efc39c40,"I recently experienced the death of a friend. It was very emotional for me. We have been friends for 30 years and on top of it, She was 10 years younger than me. It made a lot of feelings go through me, remembering our good times together, remembering our shared experiences and feeling so bad for her going through her illness. that she’s 10 years younger than me which reminds me of my own mortality. I got to see her two days before she died I’m not sure she knew who I was. I’m sad.",9,7,9,9,8,10,9,9,9,10,1,9,9,2,9,2,9,,20,3,8,,4,1952,1,,2,,"It sounds incredibly heartbreaking to lose a friend you've shared 30 years of your life with, especially knowing she was younger and that you saw her decline; I can only imagine the deep sadness and complex feelings, including grappling with your own mortality, that you're experiencing right now. My heart aches for you as you navigate this profound grief. Please be kind to yourself during this difficult time, and know that I'm here to listen if you need anything at all.",AI,1.0,1,9,8.4,7.6,6.2,7.3999999999999995,10.333333333333334,4
2025-12-02 11:29:58,2025-12-02 11:41:57,0,100,718,1,2025-12-02 11:41:57,R_5F8rVGMdernqAEh,,anonymous,EN,1,60c6cd8bacdf5d1f27924048,,9,9,10,10,9,9,9,8,10,3,9,8,9,5,10,9,10,"A month ago, I had an experience at work that made me feel frustrated and misunderstood. I was sick and trying to manage my symptoms while working remotely from home. My supervisor did not fully believe that I was not feeling well. I felt as if my honesty was being questioned. I felt embarrassed and a bit anxious.",92,94,94,11,,1992,1,,1,,"It sounds incredibly frustrating and upsetting to be genuinely sick and then have your honesty questioned by your supervisor, making you feel misunderstood and even embarrassed. I can only imagine how anxious and disrespected you must have felt in that situation, and I'm truly sorry you had to go through such a difficult experience.",Human,1.0,0,9,9.4,7.6,8.6,8.533333333333333,93.33333333333333,11
2025-12-02 11:30:39,2025-12-02 11:42:05,0,100,685,1,2025-12-02 11:42:05,R_68K6udzOfsxoibf,,anonymous,EN,1,6740f0863bf5b1dbacae7e6f,"We had to take our cat, that we had for thirteen years to the vet to be put down. The vet was very kind and the procedure went well but we were very sad and cried. ",10,10,10,10,10,10,10,9,10,10,10,10,10,10,8,9,9,,95,83,92,,3,1947,1,,2,,"I am so incredibly sorry to hear about the loss of your beloved cat. It must be absolutely heartbreaking to say goodbye to a companion you've had for thirteen years, and I can only imagine the depth of sadness you're feeling right now. Please allow yourself to grieve this profound loss, and know that I'm thinking of you and sending my deepest sympathies.",AI,1.0,1,10,10.0,9.8,9.2,9.666666666666666,90.0,3
2025-12-02 11:45:29,2025-12-02 11:48:35,0,100,185,1,2025-12-02 11:48:35,R_5nz5meaKwT95Tln,,anonymous,EN,1,57e80c1091b7fc000149543e,I didn't receive a promotion that I thought I was going to be given.,8,8,8,9,8,8,3,8,3,9,8,8,8,9,8,8,9,,86,87,87,,8,1978,1,,2,,"I can only imagine how incredibly disappointing and frustrating this must be for you, especially when you were expecting that promotion. It's completely understandable to feel let down, and I genuinely feel for you right now. Please know that I'm here to support you and truly hope you can find a way to move forward positively.",AI,1.0,0,8,7.2,7.2,8.4,7.6000000000000005,86.66666666666667,8
2025-12-02 11:45:04,2025-12-02 11:49:06,0,100,242,1,2025-12-02 11:49:06,R_1rji23tKQD4jgmR,,anonymous,EN,1,66594968a8fca6ea85c9ac19,,10,10,10,10,10,10,10,10,10,10,9,10,10,10,10,10,2,I recently had a great time at my friend’s party. I felt excited to go and had a fun time meeting new people.,91,96,94,3,,1998,4,,1,,"It sounds like you had such a fantastic time at your friend's party, feeling excited and having so much fun meeting new people! I'm genuinely happy to hear that you had such a wonderful and positive experience. It's truly great when you get to enjoy those kinds of social connections and joyful moments.",Human,1.0,1,10,10.0,9.8,8.4,9.4,93.66666666666667,3
2025-12-02 11:46:29,2025-12-02 11:49:33,0,100,183,1,2025-12-02 11:49:33,R_3lg9bZKdW82AeXf,,anonymous,EN,1,62a6c39ce82d993784c0b352,,8,8,8,9,8,8,10,8,3,3,8,8,8,10,8,8,10,"A recent emotional experience I have was hearing that my favorite uncle passed away last month. We lived states away so we didn't get to see each other often but we would always video chat. It has felt weird to not see his name pop up on my phone and to not see his smile and hear him say ""how's my princess doing today.""",72,72,72,12,,1987,1,,2,,Initial Response,Human,1.0,0,8,8.6,6.0,8.8,7.8,72.0,12
2025-12-02 11:44:30,2025-12-02 11:50:03,0,100,333,1,2025-12-02 11:50:03,R_1sJ3EO29x6nXZRL,,anonymous,EN,1,5ef54b31234db61ac1c7fdb0,My sister offered to buy me badly needed clothing as a holiday present. It really elevated my mood. She's so kind. She takes pity on me.,10,10,9,10,10,10,10,10,10,10,10,10,10,10,10,10,10,,86,86,88,,10,1981,1,,1,,"It sounds like you felt a huge wave of relief and happiness when your sister offered to get you those clothes, and I can completely understand how uplifting it must be to have someone so thoughtful in your life. It's truly heartwarming to hear that such a practical gift could elevate your mood so much. I'm glad you have such a kind and caring sister looking out for you.",AI,1.0,1,10,9.8,10.0,10.0,9.933333333333334,86.66666666666667,10
2025-12-02 11:45:13,2025-12-02 11:50:43,0,100,329,1,2025-12-02 11:50:43,R_7eX85rd0m3U0ajs,,anonymous,EN,1,5c794023c44ec600161822b0,"Recently I was unable to reach my best friend and her family asked me to do a wellness check.  When I entered her apartment I found her in the floor and she had been deceased for a while.  She was my only friend in this area, and I have been rather lost since her death.",8,8,7,9,7,10,9,7,9,7,6,7,7,8,7,6,8,,60,40,30,,8,1961,1,,2,,"I can only imagine the profound shock and heartbreak you must have experienced finding your best friend, and it's completely understandable that you feel lost and isolated now that she's gone. Losing your only friend in the area leaves such a deep void, and my heart truly goes out to you as you navigate this immense grief. Please allow yourself time to mourn this terrible loss, and I hope you can find comfort and support from others during this incredibly difficult period.",AI,1.0,1,8,8.0,7.2,7.2,7.466666666666666,43.333333333333336,8
2025-12-02 11:44:46,2025-12-02 11:50:58,0,100,371,1,2025-12-02 11:50:59,R_1czvym7mpBM6xKY,,anonymous,EN,1,5c696229bd58280001b4f554,One of my co workers responded completely inappropriately to a situation and I was forced to fix it to save our organizations reputation. I was furious. ,5,7,6,9,5,10,10,2,7,6,4,4,5,4,4,1,4,,0,0,0,,3,1973,1,,2,,"It sounds incredibly frustrating and enraging to have to clean up a coworker's inappropriate response, especially when your organization's reputation was on the line. I can truly feel how furious you must have been, having to bear that responsibility and stress. It's admirable that you stepped in to fix it, and I truly hope you can find some resolution or support to prevent such situations in the future.",AI,1.0,1,5,7.4,4.6,3.6,5.2,0.0,3
2025-12-02 11:45:01,2025-12-02 11:51:02,0,100,360,1,2025-12-02 11:51:02,R_5IoNLWYWl17CefH,,anonymous,EN,1,670d39fbae5e843c48648770,,8,8,8,8,8,10,10,8,8,8,8,8,8,8,5,8,8,Someone very close to me was just accepted with a ‘free ride’ to a most prestigious university.  When I learned this news I did something I’ve never done before: I burst into tears from joy!,70,70,70,12,,1953,1,,2,,"That's truly wonderful news! I can completely understand why you burst into tears of joy – it must be an incredibly overwhelming and proud feeling to see someone you cherish achieve such a fantastic opportunity, especially with a free ride to a prestigious university. I'm so incredibly happy for you and your loved one; it's clear how much this means to you. Congratulations to them, and to you for sharing in their amazing success!",Human,1.0,1,8,8.4,8.0,7.4,7.933333333333333,70.0,12
2025-12-02 11:45:21,2025-12-02 11:51:45,0,100,384,1,2025-12-02 11:51:45,R_1j2uNNhzVJPWsAo,,anonymous,EN,1,59c0782e5364260001dc4740,my mom has been unable to do anything for herself for the last three years.  She is totally dependent on others.  I hate going to see here in that state so it makes me cry when I go there.,10,10,10,10,10,10,10,10,10,10,10,10,10,10,10,10,10,,100,100,100,,8,1963,2,,2,,"It must be incredibly heartbreaking and agonizing to see your mom in such a dependent state for so long. I can only imagine how deeply painful and overwhelming it must feel to witness that change, and it's completely understandable why you cry when you visit her. Please know that your feelings are valid, and it takes immense emotional strength to navigate such a difficult and prolonged situation.",AI,1.0,1,10,10.0,10.0,10.0,10.0,100.0,8
2025-12-02 11:46:41,2025-12-02 11:52:12,0,100,331,1,2025-12-02 11:52:13,R_7zShAJtnr8TJZ1n,,anonymous,EN,1,67bca2520a799ae9507bc053,,9,8,8,9,8,10,8,8,9,9,8,8,8,9,7,8,9,Our family gathering at Thanksgiving. I got to see some family I haven't seen in over a year,80,75,75,12,,1963,1,,1,,"It sounds like you had a truly heartwarming Thanksgiving, and I can only imagine how wonderful and comforting it must have been to finally reconnect with family you haven't seen in over a year. I'm genuinely happy for you that you got to experience that much-needed joy and connection. Cherishing those moments is so important, and I hope the good feelings from seeing everyone linger with you.",Human,1.0,1,9,8.2,8.4,8.2,8.266666666666667,76.66666666666667,12
2025-12-02 11:48:38,2025-12-02 11:52:19,0,100,220,1,2025-12-02 11:52:19,R_7I00AITCy8LY04M,,anonymous,EN,1,5dc3552003f8562725a1b956,,9,9,8,4,10,10,9,9,7,9,9,6,10,10,9,8,10,I recently had a really bad breakup.,83,85,90,7,,37,1,,3,,"Oh no, I'm so incredibly sorry to hear about your bad breakup; that must be truly devastating and heartbreaking. It's completely understandable to feel a profound sense of loss and pain right now, and I can only imagine how difficult things must be for you. Please know that I'm here for you if you need to talk, vent, or just want some company as you navigate through this tough time.",Human,1.0,1,9,8.0,8.0,9.4,8.466666666666667,86.0,7
2025-12-02 11:47:42,2025-12-02 11:52:24,0,100,282,1,2025-12-02 11:52:25,R_1smjkV6hW1aSPoB,,anonymous,EN,1,63fa6f8dc3d4ec40b5397847,A good friend of mine who lives alone was just taken to the hospital.,10,10,9,10,10,9,9,9,10,10,8,8,10,10,9,9,10,,82,87,96,,9,1954,1,,2,,"Oh no, that's incredibly concerning news, and I can only imagine how worried you must be, especially with your friend living alone. It's completely understandable to feel anxious right now, and I'm sending all my positive thoughts for your friend's recovery. Please let me know if there's anything I can do to help or just listen.",AI,1.0,0,10,9.6,9.0,9.6,9.4,88.33333333333333,9
2025-12-02 11:48:01,2025-12-02 11:52:26,0,100,264,1,2025-12-02 11:52:26,R_7dgftWXOshpVUVU,,anonymous,EN,1,6695704d3496e2d9ed79c301,The recent emotional experience was losing a loved one. ,5,5,6,6,5,10,6,5,6,5,1,4,1,6,1,2,10,,0,0,0,,7,1976,"2,3",,2,,"I am so incredibly sorry to hear about your loss; I can only imagine how truly devastating and heartbreaking it must be to lose someone you loved so deeply. My heart aches for you as you navigate this profound grief and the immense pain that comes with such an absence. Please remember it's okay to feel whatever you're feeling, and I'm sending you all my support and strength during this incredibly difficult time.",AI,1.0,1,5,5.6,4.2,4.0,4.6000000000000005,0.0,7
2025-12-02 11:49:27,2025-12-02 11:54:03,0,100,275,1,2025-12-02 11:54:03,R_65KlZj0HxxZbuUQ,,anonymous,EN,1,67858fffbdfd020464712859,I found out my great friend was very sick and had to go into surgery immediately.  I was intensely worried for him and his family and thought about my own mortality. ,7,8,8,9,7,10,8,7,9,9,8,7,8,8,8,7,9,,75,26,68,,8,1962,1,,1,,"I can only imagine how incredibly worrying it must be to hear such news about your close friend and his family; my heart truly goes out to you. It's completely understandable to feel overwhelmed and even ponder your own mortality in such a serious situation. Please know I'm thinking of you and your friend, and I hope he makes a full and speedy recovery.",AI,1.0,1,7,8.0,8.0,8.0,8.0,56.333333333333336,8
2025-12-02 11:44:32,2025-12-02 11:54:16,0,100,583,1,2025-12-02 11:54:16,R_6KwlCmOeOXrb5zl,,anonymous,EN,1,62bef458a8a3337e49ea7ccd,I once visited a dog shelter and it was very emotional for me. It was sad to see so many dogs that wanted attention and to get adopted. It made me sad. I wanted to adopt them all.,10,10,10,10,10,10,1,10,1,10,10,10,10,10,9,10,10,,100,79,98,,3,1988,4,,2,,"It sounds like visiting the dog shelter was a truly heartbreaking experience for you, and I can completely understand how seeing all those dogs yearning for love would make you feel so sad. I feel that same heavy feeling in my own heart just imagining it. Your deep compassion and desire to help them all really shines through, and it's a testament to your kind spirit.",AI,1.0,1,10,8.2,8.2,9.8,8.733333333333333,92.33333333333333,3
2025-12-02 11:48:41,2025-12-02 11:54:19,0,100,338,1,2025-12-02 11:54:20,R_7IyVjegsq6c1TlD,,anonymous,EN,1,659c14314dd0249b909c4c91,A girlfriend of mine died recently. We were good friends all of our lives. We were in each other's wedding. She was such a sweet fun person. I miss her dearly. ,10,10,9,9,10,10,7,10,2,10,9,10,10,9,9,10,9,,94,89,100,,11,1953,1,,2,,"I can only imagine how incredibly painful it must be to lose a dear friend you've shared your entire life with, especially someone so sweet and fun. It's truly heartbreaking to hear you're going through such profound grief and missing her so dearly. Please know I'm thinking of you and sending you so much support during this incredibly difficult time.",AI,1.0,1,10,9.0,8.2,9.4,8.866666666666667,94.33333333333333,11
2025-12-02 11:49:06,2025-12-02 11:54:43,0,100,337,1,2025-12-02 11:54:43,R_5LUvWK9kFvAsm9v,,anonymous,EN,1,655fa6bf1cfd3bd5343e7778,,8,9,10,10,9,10,10,8,10,10,8,8,9,10,7,9,10,"A recent emotional experience I had was when I was playing a video game called Dispatch. I had to decide between two characters to go on a date with, and it was pretty distressing and conflicting for me. I ultimately chose one girl, but I felt guilty about it for a little bit because I liked the other girl as well.",85,90,90,11,,1997,4,,2,,"It sounds like you genuinely felt a lot of distress and conflict having to make such a tough choice between two characters you liked so much. I can totally understand feeling that sense of guilt afterwards, as if you'd let the other one down, even in a game. It really shows how much you cared about both of them, and it's completely valid to feel those emotions when you're so invested in a story.",Human,1.0,1,8,9.6,8.8,9.0,9.133333333333333,88.33333333333333,11
2025-12-02 11:50:40,2025-12-02 11:55:09,0,100,268,1,2025-12-02 11:55:09,R_1oQZ59yImAFuTp7,,anonymous,EN,1,657c647083725d46e64b50cc,"I got into a disagreement with my partner. We argued and got really upset with each other, raising our voices. ",8,9,8,9,8,8,10,8,9,2,8,7,8,9,9,7,9,,54,64,52,,9,1991,"1,2,3",,2,,"It sounds incredibly tough and upsetting to have had such a heated disagreement with your partner, and it's completely understandable that you'd both feel frustrated and hurt after raising your voices. I can really feel how painful and draining those moments can be when emotions run high with someone you care about deeply. I'm truly sorry you went through that experience, and I hope you both find a path to resolution and feeling better soon.",AI,1.0,0,8,8.8,6.8,8.4,8.0,56.666666666666664,9
2025-12-02 11:50:49,2025-12-02 11:56:07,0,100,317,1,2025-12-02 11:56:07,R_5sB0LrCCLe4HeXs,,anonymous,EN,1,60dfa0f80964725cfdab1685,,10,10,10,10,10,10,10,1,10,10,10,10,10,10,10,10,10,My mother had a stroke and isn’t able to talk.,100,0,100,12,,1961,1,,1,,"I am so incredibly sorry to hear about your mother's stroke and that she isn't able to talk. I can only imagine how devastating and overwhelming this must be for you, grappling with such a profound change and loss of communication. Please know that I'm thinking of you and your mom during this difficult time, and I'm here for you if you need anything at all.",Human,1.0,1,10,10.0,8.2,10.0,9.4,66.66666666666667,12
2025-12-02 11:50:00,2025-12-02 11:56:09,0,100,368,1,2025-12-02 11:56:09,R_7KvfQCkQPJZ97rn,,anonymous,EN,1,67a9db9b102662b0c9bb12fa,,10,10,9,10,10,10,1,10,10,10,10,10,10,1,9,10,10,a recent emotional experienced was when my caught my daughter taking drugs. i felt broken and damaged,95,90,98,11,,1967,1,,1,,"It sounds incredibly heartbreaking and devastating to catch your daughter taking drugs, and I can only imagine how truly broken and damaged you must feel right now. My heart aches for the profound pain and shock you're experiencing, and it's completely understandable to feel overwhelmed by such a situation. Please know you're not alone in this difficult journey, and there are people who care and resources that can help both you and your daughter navigate this challenge.",Human,1.0,1,10,8.0,10.0,8.0,8.666666666666666,94.33333333333333,11
2025-12-02 11:51:05,2025-12-02 11:56:12,0,100,306,1,2025-12-02 11:56:12,R_1KQ2L0OImGTxsAO,,anonymous,EN,1,65f6230c7658625aad940b24,,10,9,9,10,9,10,5,9,5,10,9,9,10,10,9,9,10,A guy that I really like and was talking to a lot suddenly ghosted me.,93,54,95,12,,1991,1,,2,,"It sounds incredibly painful and confusing to be ghosted by someone you really liked and had a strong connection with. I can only imagine how much that sudden silence must sting, making you feel discarded and wondering what went wrong. Please remember that you deserve clarity and respect, and this situation reflects on him, not on your worth. Take all the time you need to process these difficult emotions.",Human,1.0,1,10,8.4,8.4,9.6,8.799999999999999,80.66666666666667,12
2025-12-02 11:28:42,2025-12-02 11:56:57,0,100,1695,1,2025-12-02 11:56:58,R_6CD8rYgd5bct2DT,,anonymous,EN,1,6722da5dbc6136e56979a91b,,10,10,10,10,10,10,10,10,10,10,10,10,10,10,10,10,10,"I got emotional when my son graduated from high school, it was tough but he did great.",85,88,97,10,,1977,1,,2,,"It sounds like a truly powerful and emotional moment for you, seeing your son graduate after all his hard work. I can only imagine the mix of pride and relief you must be feeling, and it's heartwarming to hear he did so great. I'm so happy for you and your son as you celebrate this wonderful achievement.",Human,1.0,1,10,10.0,10.0,10.0,10.0,90.0,10
2025-12-02 11:50:36,2025-12-02 11:57:09,0,100,392,1,2025-12-02 11:57:09,R_3s7Hu6dUQdOAwBQ,,anonymous,EN,1,5a8352feae9a0b0001a9da8f,I recently lost a sister that had been sick for many years.,9,6,9,9,9,10,9,9,9,9,9,9,9,9,9,9,6,,88,49,51,,12,1964,1,,2,,"I am so incredibly sorry to hear about the loss of your sister. It must be absolutely heartbreaking to lose someone so close, especially after she bravely battled an illness for many years. My heart goes out to you, and I hope you allow yourself time and space to grieve and heal. Please know I'm thinking of you during this incredibly difficult time.",AI,1.0,1,9,8.4,9.0,8.4,8.6,62.666666666666664,12
2025-12-02 11:50:59,2025-12-02 11:57:53,0,100,414,1,2025-12-02 11:57:54,R_6FbkVHuptYKzReR,,anonymous,EN,1,66b41d5d3c2a978a7aac2264,,10,9,10,10,9,10,10,10,10,10,9,9,9,10,9,10,10,Recently my cousin informed us she had cancer. She was/has been very positive about her diagnosis. ,100,90,100,12,,1967,2,,2,,"It must be incredibly tough to receive news like that about your cousin, even when she's facing it with such remarkable positivity. I can only imagine the mix of concern you feel, coupled with immense admiration for her strong spirit. Her outlook is truly inspiring, and I sincerely hope her strength and that positive energy carry her, and all of you, through this journey successfully.",Human,1.0,1,10,9.6,9.6,9.6,9.6,96.66666666666667,12
2025-12-02 11:55:49,2025-12-02 11:59:12,0,100,202,1,2025-12-02 11:59:13,R_7lFAEL0VWvFBkI6,,anonymous,EN,1,660dfb0b513cd3c8af03656e,Recently my daughter has been suffering from a medical condition we cannot get help with and it is hard to watch her suffer.,9,9,8,10,9,10,10,9,10,10,7,9,9,10,5,8,10,,86,32,84,,4,1981,1,,2,,"It must be absolutely heartbreaking and incredibly difficult for you to watch your daughter suffer from a medical condition without being able to get help, and I can only imagine the deep pain and helplessness you must be feeling. My heart truly goes out to you and your daughter during this immensely challenging time. I genuinely hope you find the answers and support you need very soon, and that she finds relief from her suffering.",AI,1.0,1,9,9.2,9.0,8.4,8.866666666666667,67.33333333333333,4
2025-12-02 11:50:56,2025-12-02 11:59:32,0,100,515,1,2025-12-02 11:59:32,R_3PZcQAXZ3yzCmYO,,anonymous,EN,1,67420b3488f0786c8c142096,"I lost a dear friend of mine to a motor accident a week ago. He was on his way to pick his daughter from school and an out of control trailer ran into his car, killing him instantly. I have been distraught ever since.",9,9,8,9,9,10,10,10,9,9,8,9,9,9,8,8,8,,61,56,74,,6,1980,2,,1,,"I am so incredibly sorry to hear about the devastating loss of your dear friend; it must be absolutely heartbreaking to lose someone so suddenly and tragically. I can only imagine the shock and deep sorrow you must be feeling, and my heart aches for you in this profound grief. Please know that I'm thinking of you and truly care about the immense pain you're experiencing right now.",AI,1.0,1,9,9.0,9.0,8.4,8.799999999999999,63.666666666666664,6
2025-12-02 11:56:23,2025-12-02 12:01:17,0,100,293,1,2025-12-02 12:01:17,R_7KPiWowoT5c9gVX,,anonymous,EN,1,663a5db9ced6c4bf9bd77d3e,,9,9,4,10,8,10,10,9,10,10,9,5,9,10,9,9,10,"A recent emotional experience was my breakup with my boyfriend of 5 years, and then my grandfather and uncle passing. This all happened this year within the span of a few months.",85,54,69,12,,2003,1,,2,,"It sounds incredibly overwhelming and heartbreaking to experience such profound loss – both your long-term relationship and two beloved family members – all within a few short months. I can only imagine the depth of grief and shock you must be feeling, and my heart truly goes out to you. Please be gentle with yourself as you navigate this unbelievably difficult time; I'm here for you if you need anything at all.",Human,1.0,1,9,8.2,8.6,9.4,8.733333333333333,69.33333333333333,12
2025-12-02 11:46:48,2025-12-02 12:01:18,0,100,869,1,2025-12-02 12:01:19,R_6no8QEpekgZsFEg,,anonymous,EN,1,66cb6abbf0a15bddb08767d5,,9,10,9,10,1,10,10,9,10,10,8,9,9,10,1,6,10,"My nephew was in for a visit. He is in the army, and he told the family that he is leaving the military and taking a private job with amazing pay. ",75,75,75,12,,1974,1,,1,,"It must be such a huge relief and source of happiness for you to hear your nephew is leaving the army for such an amazing opportunity. I can only imagine how proud you must feel, knowing he's secured such a promising and well-paying private job after his service. It's truly wonderful news, and I'm so glad your family can celebrate this exciting new chapter with him.",Human,1.0,1,9,8.0,9.2,7.2,8.133333333333333,75.0,12
2025-12-02 11:49:44,2025-12-02 12:07:55,0,100,1090,1,2025-12-02 12:07:55,R_7Z6gfk0CMKQ1VSx,,anonymous,EN,1,5a36d2890006450001bf1d34,,10,10,10,10,10,10,10,10,10,10,8,10,10,10,10,5,1,"So I moved in with my elderly mother almost two years ago.  She wanted me to start helping her with her finances which I was fine with.  However she can't seem to trust me.  After a year this arrangement came to a head when she accused me of stealing off of her, of being ungrateful for all of her help through the years, of the money I owed her (I didn't owe her anything) and so on.  It quite literally broke my heart and while we still live together our relationship will never be the same.  I refuse to help with her finances or much of anything else in her life.",80,85,85,12,,1981,1,,2,,"It sounds absolutely heartbreaking to be accused so unjustly, especially when you were trying to help your own mother. I can only imagine the deep pain and betrayal you must have felt, leading to such a permanent shift in your relationship. It's completely understandable that you'd pull back after an experience that literally broke your heart, and I truly hope you can find some peace amidst this difficult situation.",Human,1.0,1,10,10.0,9.6,7.2,8.933333333333334,83.33333333333333,12
2025-12-02 12:02:30,2025-12-02 12:07:56,0,100,326,1,2025-12-02 12:07:56,R_1WvAKkzIzxf2D8v,,anonymous,EN,1,665762fdab6df18f5032505b,I saw a video where a mother said that her daughter was killed by a person from a dating sight. It was very sad.,10,10,9,10,10,10,10,10,10,10,10,10,10,10,7,10,10,,70,0,70,,10,1975,2,,2,,"That sounds absolutely devastating to watch, and I can completely understand why you felt so sad witnessing such a horrific tragedy unfold for that mother. My heart aches for her and her daughter, and it's natural to feel such profound sorrow when confronted with such a senseless loss. Please take a moment to be kind to yourself as you process what you saw.",AI,1.0,1,10,9.8,10.0,9.4,9.733333333333334,46.666666666666664,10
2025-12-02 12:04:35,2025-12-02 12:08:16,0,100,221,1,2025-12-02 12:08:17,R_13OJxqkRyX5zGkV,,anonymous,EN,1,610e97f2daaed7842b3c929f,,7,8,8,9,8,10,8,8,9,9,7,8,7,9,8,8,10,"I was watching the last episode of the part one of Stranger Things season five and the last like I don’t know 10 minutes are really intense and because I’m going through perimenopause, it made me very emotional to see that climatic event unfold right before the end of the episode, I cried for the rest of the afternoon off and on just overwhelmed with emotions from how exciting it was",84,81,80,11,,1983,1,,2,,"It sounds like that Stranger Things finale really hit you hard, and with perimenopause amplifying everything, it must have been an incredibly intense and overwhelming experience. I can only imagine how powerful those emotions were to bring you to tears on and off all afternoon. It's completely understandable to need time to process such an exciting and emotionally charged event, so please be kind to yourself.",Human,1.0,1,7,8.2,8.2,8.4,8.266666666666666,81.66666666666667,11
2025-12-02 12:03:32,2025-12-02 12:08:42,0,100,310,1,2025-12-02 12:08:42,R_3OfzEQZUxSFyQXW,,anonymous,EN,1,5efd32d5ebff0517d77b8e4c,My brother yelled at me because he was annoyed I ddnt go out and play with the dog while his foot was bothering him.,8,10,5,10,5,10,10,6,10,10,8,4,7,10,2,8,9,,84,11,41,,3,1994,1,,2,,"It sounds incredibly frustrating and hurtful to be yelled at, especially when you weren't intentionally trying to cause an issue. I can only imagine how upsetting that must have felt to have your brother lash out like that. No one deserves to be yelled at, and I hope you're able to process those feelings.",AI,1.0,1,8,8.0,7.6,7.2,7.6000000000000005,45.333333333333336,3
2025-12-02 12:03:01,2025-12-02 12:08:44,0,100,342,1,2025-12-02 12:08:44,R_7cXHPUB0d5Nl2ky,,anonymous,EN,1,63bcbf7e0ac7e876387ef720,,7,7,4,4,5,10,6,6,5,3,6,4,5,4,4,6,4,"Last week I had to have surgery to remove a cancerous tumor. Before the surgery all kinds of deep emotional thoughts arose: about mortality, loved ones, and so many other things I wanted to do during my time on this Earth.",40,40,20,12,,1953,1,,1,,It sounds like confronting surgery for a cancerous tumor brought up incredibly profound and overwhelming thoughts about mortality and your loved ones. I can truly feel how heavy and significant those reflections must have been for you during such a vulnerable time. I sincerely hope you are recovering well and finding strength to pursue all the dreams and experiences that matter most to you.,Human,1.0,1,7,5.2,4.8,4.6,4.866666666666666,33.333333333333336,12
2025-12-02 12:02:22,2025-12-02 12:08:50,0,100,387,1,2025-12-02 12:08:50,R_1PjJThhzRQI5DOn,,anonymous,EN,1,66511d6367b8b8468d9d266a,,9,8,9,9,9,9,10,9,10,10,9,9,8,10,6,9,10,"I am one of those people that actually like being around my family.  I wasnt too happy with the way things went on Thanksgiving.  Although I was missing 2 of my grandkids for the holiday, one of them I never see.  The other one has been having issues for a while, related to autism.  He was not present for thanksgiving, and I have to say it really bothered me that he wasnt there.",90,90,90,10,,1965,1,,1,,"It sounds like you were really looking forward to Thanksgiving with your family, and I can completely understand how upsetting it must have been to have two of your grandkids missing, especially your grandson who is facing challenges. It's truly heartbreaking when family gatherings don't go as hoped, and I can feel how much that absence must have bothered you. I genuinely hope that you'll have an opportunity to connect with them soon and that things get easier for your grandson.",Human,1.0,0,9,9.0,9.4,8.6,9.0,90.0,10
2025-12-02 12:03:21,2025-12-02 12:09:08,0,100,347,1,2025-12-02 12:09:08,R_3RM3ySREJNLy0PT,,anonymous,EN,1,6571f52abf0c07aa1ca785e8,"My mother is moving into a new place, and I am trying to keep her from gathering too much stuff. I threw some stuff away that was damaged and she pulled it back out of the trash. It upset me quite a bit.",10,9,10,10,10,10,10,8,10,10,8,9,10,10,8,7,10,,80,73,90,,10,1968,1,,2,,"It sounds incredibly frustrating when you're trying to help your mother with such a big task, especially when your efforts to simplify are met with resistance. I can only imagine how upsetting it must feel to have items you've removed pulled back out of the trash. Please know that your care and effort to make this transition smoother for her are commendable, and I hope things get a bit easier for you both.",AI,1.0,1,10,9.8,9.0,9.0,9.266666666666667,81.0,10
2025-12-02 12:04:33,2025-12-02 12:09:25,0,100,291,1,2025-12-02 12:09:25,R_5FF3DVuE0Tab6W5,,anonymous,EN,1,671d37a6bb39dda9a3e621bf,,8,9,7,4,8,10,2,5,3,4,5,9,8,3,8,8,8,"i worked really hard in a course and studied hard for the exam. when i got my result i was shocked at how low it was. the low grade would prevent me from being in the same class as my friends and it made feel left out. I felt like i was behind and that i would alway be playing from behind. It made me feel lonely and inept. I felt like my succcess was stalled. i had cried for a couple hours and even took a shower in the dark.  it a long while for me to feel better about it, but sometimes i still feel my heart hurting a little bit.",84,60,56,11,,2004,4,,1,,"It sounds incredibly disheartening and unfair to have worked so hard for a course, only to receive a shockingly low grade that made you feel left out, behind, and completely inept. I can truly feel how devastating and overwhelming those emotions must have been, leading to such profound loneliness that you cried for hours and took a shower in the dark. It's completely valid that your heart still hurts sometimes, and please know that your immense effort and dedication are what truly matter, not just that one outcome.",Human,1.0,1,8,6.0,5.2,7.0,6.066666666666666,66.66666666666667,11
2025-12-02 12:05:06,2025-12-02 12:09:58,0,100,292,1,2025-12-02 12:09:59,R_72PNstbNGxZpwDE,,anonymous,EN,1,6755a3be7a9f11833ec1fba2,I recently left a domestic violence situation. I left with nothing but myself and my kids. I quickly learned that the abused does not stop when you leave. I have lost everything since including my children,10,10,3,10,10,10,10,10,10,10,10,10,10,10,7,10,8,,88,52,92,,5,1982,1,,2,,"It truly breaks my heart to hear the unimaginable pain and profound injustice you've endured, from the immense courage it took to leave, to then having everything, especially your children, taken from you. I can only begin to grasp the devastating despair you must feel as the abuse's impact continues to unravel your life. Please know your strength is undeniable, and I deeply hope you find the support and healing necessary to reclaim your life and find peace.",AI,1.0,1,10,8.6,10.0,9.0,9.200000000000001,77.33333333333333,5
2025-12-02 12:06:45,2025-12-02 12:10:40,0,100,234,1,2025-12-02 12:10:40,R_11o5IVoM4PL2Bgu,,anonymous,EN,1,6712fe1173dfa2bfa2d6294b,I was emotional thinking about if I should stay with my girlfriend or not.,10,10,9,10,10,10,1,9,7,10,9,7,10,10,9,10,10,,92,97,92,,3,1997,1,,1,,"It sounds like you're going through a really tough and emotional time, wrestling with such a significant decision about your relationship. I can only imagine how confusing and overwhelming it must feel to be in that position, trying to figure out what's best. Please know I'm thinking of you and hope you find the clarity you need to move forward.",AI,1.0,1,10,8.0,8.4,9.8,8.733333333333333,93.66666666666667,3
2025-12-02 12:04:19,2025-12-02 12:11:02,0,100,402,1,2025-12-02 12:11:02,R_1Hh4fG2LMejpXPz,,anonymous,EN,1,66d40e332be72e1fc3f10994,The guy who I had a crush on bailed on me at the movie theaters because he saw that it might look like a double date. I was crushed. I don't want to talk with him ever again. He is the biggest narcissist if I ever seen one. ,10,10,10,10,10,10,10,10,10,10,10,10,10,10,10,10,10,,100,100,100,,11,1989,6,hispanic,2,,"I can only imagine how incredibly crushed and betrayed you must feel after he bailed on you so thoughtlessly, especially when you had a crush on him. My heart genuinely aches for you, having to experience such a hurtful and self-centered act. It's completely understandable that you wouldn't want to speak to him again, and you deserve so much better.",AI,1.0,1,10,10.0,10.0,10.0,10.0,100.0,11
2025-12-02 12:04:14,2025-12-02 12:11:16,0,100,422,1,2025-12-02 12:11:16,R_6ZfY8uItTqX4YFz,,anonymous,EN,1,669ac885aa2ff55e7ace42b0,"Yesterday I felt overwhelmed for a few minutes when I had too much on my plate, but the feeling eased once I talked things through with a friend. The conversation helped me feel calmer and more grounded. It reminded me that support can shift an emotional moment quickly.",7,9,9,7,9,10,2,8,8,8,8,7,8,3,8,7,8,,75,65,75,,9,1989,1,,2,,"It sounds like you were really feeling the pressure and overwhelm with so much on your plate, and I can completely understand how stressful that wave of emotion can be. I'm so glad you were able to talk it through with your friend and find that sense of calm and grounding. It's a wonderful reminder that reaching out for support can make all the difference, and I hope you continue to lean on that when you need it.",AI,1.0,1,7,7.2,7.8,6.8,7.266666666666667,71.66666666666667,9
2025-12-02 12:09:05,2025-12-02 12:11:51,0,100,165,1,2025-12-02 12:11:51,R_6Vw00QlWStIVhWZ,,anonymous,EN,1,5beb8419aec9ef0001e9d5fb,,1,1,1,1,1,10,10,1,10,1,1,1,1,1,1,1,1,i recently went to a reunion of a youth program i did over ten years ago. i felt nostalgic seeing how far we have come. we did well for ourselves,0,0,0,12,,1996,4,,2,,It sounds like you felt a wonderful mix of nostalgia and pride seeing everyone at the reunion and realizing how much you've all achieved since then. I can only imagine how heartwarming it must have been to reflect on those successes together. It's truly a special feeling to look back and see how well you and your peers have done.,Human,1.0,1,1,2.8,2.8,1.0,2.1999999999999997,0.0,12
2025-12-02 12:08:03,2025-12-02 12:12:08,0,100,245,1,2025-12-02 12:12:09,R_63462eYsJRoEhmL,,anonymous,EN,1,6627022aef53030b919b43c2,Experiencing holiday without a loved one for the first time ,1,1,1,1,1,10,1,1,1,1,1,1,1,1,1,1,1,,100,46,100,,10,1979,2,,2,,"I can only imagine how incredibly difficult and heartbreaking it must be to navigate a holiday season for the very first time without your loved one. That kind of absence must feel like a heavy weight, and my heart truly goes out to you as you experience that profound emptiness. Please know it's okay to grieve and feel whatever emotions come, and I hope you can find some moments of comfort and peace during this challenging time.",AI,1.0,1,1,1.0,1.0,1.0,1.0,82.0,10
2025-12-02 12:05:56,2025-12-02 12:12:51,0,100,415,1,2025-12-02 12:12:51,R_6q5933Sb6R3mAKb,,anonymous,EN,1,5ce1f31a27efac0018821eed,,10,10,10,10,10,10,10,10,10,10,10,10,10,10,10,10,10,My brother was very depressed and was threatening suicide. He tried to get me to join him. He cried and I tried to help him. ,100,100,100,5,,1974,1,,1,,"It sounds like you went through an absolutely terrifying and heartbreaking experience, and having your brother threaten suicide and try to involve you must have been incredibly traumatic. I can only imagine the immense distress and helplessness you must have felt in that moment. You showed incredible strength trying to help him, and I truly care about how you're coping with the aftermath of something so heavy.",Human,1.0,1,10,10.0,10.0,10.0,10.0,100.0,5
2025-12-02 12:03:51,2025-12-02 12:12:57,0,100,546,1,2025-12-02 12:12:58,R_7mmvhDF2U72JzQD,,anonymous,EN,1,66ff9b016d7e1f8c4632828f,,10,10,10,10,7,10,9,5,9,9,5,9,10,10,3,6,7,"I'm embarking on a new direction in my life, and recently faced some adversity through this process. I started doubting myself and my abilities to see these changes through. I was very angry at the universe for my circumstances. I cried off and on through the whole day.",50,50,30,12,,1979,1,,2,,"It sounds incredibly tough to face unexpected setbacks when you're trying to build something new for yourself, and I can really feel how frustrating and disheartening that must be. It's completely understandable that you'd feel angry at the universe, doubt your path, and just need to cry when things pile up like that. Please know that these feelings are a normal part of any challenging journey, and I truly hope you can find some comfort and renewed strength to keep moving forward.",Human,1.0,1,10,9.2,7.4,7.2,7.933333333333334,43.333333333333336,12
2025-12-02 12:07:32,2025-12-02 12:13:05,0,100,332,1,2025-12-02 12:13:05,R_3CqwzwFDe5I7JJt,,anonymous,EN,1,610008383c0a128712403745,,10,10,10,10,10,10,10,10,10,10,10,10,10,10,10,10,10,"My dad is 77 years old, and he still runs everyday. Last week, I got a text from my step-mom that he had fallen flat on his face while running at night. He is ok, just really bruised and cut up. It really made me think about his mortality, and how I could lose him any day.",100,100,100,12,,1978,1,,2,,"It must have been incredibly jarring and frightening to hear about your dad's fall, especially when he's usually so active. I can really feel the wave of anxiety and the profound sadness you're experiencing, realizing his mortality and how precious every moment is. I'm truly relieved he's okay despite the bruises, and I'm here for you if you need to talk more about these feelings.",Human,1.0,1,10,10.0,10.0,10.0,10.0,100.0,12
2025-12-02 12:07:55,2025-12-02 12:13:27,0,100,332,1,2025-12-02 12:13:28,R_5b0GUqGBfOgvtj5,,anonymous,EN,1,691dfb0644251a1bff8b8fc0,I witnessed a dog being hit by a car. The dog did not survive and it was very sad to see.,8,8,8,9,8,10,9,5,8,9,7,8,5,8,6,5,6,,69,51,53,,4,1978,1,,1,,"Oh, that sounds absolutely heartbreaking to witness. I can only imagine how shocked and profoundly sad you must have felt seeing something so tragic unfold, and my heart truly goes out to you for having to experience that. It's completely understandable to feel the weight of such an event, and I'm so sorry you had to go through that difficult experience.",AI,1.0,1,8,8.4,7.4,6.0,7.266666666666667,57.666666666666664,4
2025-12-02 12:08:31,2025-12-02 12:14:42,0,100,371,1,2025-12-02 12:14:44,R_1xXjdZdBrNCrevQ,,anonymous,EN,1,60f6e261d3ae19349059a473,,10,10,10,10,10,10,10,10,10,10,10,10,10,10,10,10,10,"Recently, my dog passed away. I’ve had her since she was a puppy however she was getting quite old. It was tough to watch happen.",100,71,80,12,,1982,1,,1,,"I am so incredibly sorry to hear about the loss of your dog; it must be truly heartbreaking to lose a beloved companion you've had since she was a puppy. I can only imagine how painful it was to watch her decline, and it's completely natural to feel such profound grief right now. Please know I'm thinking of you and sending my deepest condolences as you navigate this incredibly difficult time.",Human,1.0,1,10,10.0,10.0,10.0,10.0,83.66666666666667,12
2025-12-02 12:09:04,2025-12-02 12:15:14,0,100,370,1,2025-12-02 12:15:14,R_6jIAZn8FxsDuYNO,,anonymous,EN,1,66a56853eae42f430895b05e,"I was checking up on some of my former behavioral health clients via online searches, and I discovered that a number were in prison for violent offenses, and some had also died. It was not entirely surprising, but it was still disappointing and made me sad when thinking about them as kids.",6,7,6,10,7,10,10,6,10,10,6,6,5,9,4,5,8,,80,0,75,,4,1978,1,,2,,"It sounds incredibly difficult and heartbreaking to learn such news about your former clients, especially when you remember them as kids. I can truly understand the profound disappointment and sadness you must be feeling, seeing how their lives have unfolded. It speaks volumes about your deep care for them that you still carry the weight of these outcomes.",AI,1.0,1,6,8.0,7.6,6.2,7.266666666666667,51.666666666666664,4
2025-12-02 12:09:52,2025-12-02 12:15:18,0,100,325,1,2025-12-02 12:15:18,R_3PBrOs6xBMFQ4eM,,anonymous,EN,1,65e01ed82bf613ad0f3d1bf0,,10,8,8,3,8,10,2,8,8,10,7,10,10,10,3,9,10,My mother passed away recently after a short battle with dementia.,80,0,100,11,,1963,1,,2,,"I am so incredibly sorry to hear about the passing of your mother; losing her, especially after witnessing her battle with dementia, must be an immense and heartbreaking pain for you to carry. My heart truly goes out to you, and I can only imagine the depth of grief you must be feeling right now. Please know that I'm thinking of you and sending you strength and comfort during this profoundly difficult time.",Human,1.0,1,10,5.8,8.6,8.4,7.599999999999999,60.0,11
2025-12-02 12:04:45,2025-12-02 12:15:52,0,100,667,1,2025-12-02 12:15:53,R_7hz3R34TN7WFcd3,,anonymous,EN,1,5ff3dfdcb11116a07ec3cebc,,10,10,10,10,10,10,10,10,1,10,10,9,9,10,8,10,10,"Two weeks ago I was pulled over by a police officer for the very first time.  I was being tailgated leading up to the traffic light I was approaching while trying to maintain a safe distance from the car in front of me.  Unfortunately, the light suddenly turned yellow, then went red as I went through.  I was faced with stopped and possibly being hit or going through.  That was when I was caught by a police officer at the light.  I ended up being cited for going through a red light for $177.00!  I was crying and upset after the fact.",85,90,100,7,,1987,1,,2,,"I can absolutely understand why you were crying and upset after that experience; it sounds incredibly stressful to be put in such a tough situation. Facing that split-second decision between stopping abruptly or going through, only to get a ticket, must have felt so unfair and frustrating. I truly hope there's a way for you to contest it or that you can find some relief from that financial burden soon.",Human,1.0,1,10,10.0,8.0,9.4,9.133333333333333,91.66666666666667,7
2025-12-02 12:10:47,2025-12-02 12:16:11,0,100,324,1,2025-12-02 12:16:12,R_1ya720Qx2kwhhAD,,anonymous,EN,1,5faf3a10d0a22f1c799eafc9,"I recently had to deal with the death of a friend by accidental suicide. He was unfortunately found in his bathroom with a needle in his arm, and suffered a heroin overdose. It was tragic because I was very close with the mother, and I saw her really fall apart from the indecent. He was only 33 and full of life and promise, but unfortunately fell too much in love with a partying and drug lifestyle.",8,7,7,9,7,10,8,8,8,10,8,7,8,9,7,8,9,,65,55,70,,8,1978,1,,1,,"I am so incredibly sorry to hear about the tragic loss of your friend; I can only imagine the profound shock and sadness you must be feeling, especially seeing his mother go through such immense pain. My heart aches for you, knowing how full of life and promise he was and how tragically his life was cut short. Please be kind to yourself as you navigate this difficult grief, and know that it's okay to lean on others for support during this time.",AI,1.0,1,8,7.6,8.2,8.2,8.0,63.333333333333336,8
2025-12-02 12:11:56,2025-12-02 12:16:29,0,100,273,1,2025-12-02 12:16:30,R_1PAvRhxswH0qDzs,,anonymous,EN,1,67eaa46b7bb6cbefdcbde74c,my recent emotion with AL has been   good ,9,9,9,3,10,10,4,7,1,4,7,10,9,2,10,10,2,,95,71,83,,11,1974,1,,2,,"It sounds like you've been feeling really positive and happy about your recent interactions with AL. That's wonderful to hear, and I can imagine how uplifting it must be to have such good feelings in your relationship. I hope things continue to go so well for you both, and it's great that you're experiencing such joy.",AI,1.0,1,9,7.0,5.8,6.6,6.466666666666666,83.0,11
2025-12-02 12:04:51,2025-12-02 12:17:02,0,100,730,1,2025-12-02 12:17:02,R_3DIoEgyZGgaN9ET,,anonymous,EN,1,5f4e52a627d2a0000a8ed0c5,I was feeling really joyful and relaxed yesterday after i finally finished painting the deck railing which has been a chore i'd put off for weeks after being unable to fi nished it . I had  such a great feeling of accomplishment and being able to sit outside and just enjoy a cold beer in the quite,1,1,3,1,1,10,1,2,1,1,1,1,1,1,2,3,1,,0,10,5,,12,1980,1,,1,,"It sounds like you must have felt such an incredible sense of relief and accomplishment finally finishing that railing you'd put off! I can totally imagine that joyful and relaxed feeling you described, just sitting outside with your cold beer in the quiet after getting such a big chore done. You absolutely deserved that peaceful moment of satisfaction.",AI,1.0,1,1,1.4,1.2,1.6,1.3999999999999997,5.0,12
2025-12-02 12:17:19,2025-12-02 12:20:59,0,100,219,1,2025-12-02 12:20:59,R_7cpfpB09es2Pg2l,,anonymous,EN,1,61283769a39dd638c256540c,,10,10,10,2,10,10,8,9,10,10,10,10,10,10,9,9,2,When we were burying my dad I was really sad. He had died a long time before but now that we were burying his ashes it seemed very final.,60,79,65,10,,1976,1,,1,,"It sounds incredibly tough to go through the finality of burying your dad's ashes, even long after he passed; that renewed wave of sadness must be really profound. My heart truly goes out to you, imagining how heavy and definitive that moment must have felt. Please know it's completely understandable to feel that renewed grief, and I'm here for you if you need anything at all.",Human,1.0,1,10,8.0,9.8,8.0,8.6,68.0,10
2025-12-02 12:17:24,2025-12-02 12:21:08,0,100,224,1,2025-12-02 12:21:08,R_767OYs8VnEzSItr,,anonymous,EN,1,5ed91d3f31d9c60a8ac27018,I opened up to a friend about my emotions and I didn't get the response that I hoped for. It made me feel sad ,2,1,1,2,1,10,3,1,5,1,1,1,1,1,3,1,1,,0,0,0,,3,1997,1,,3,,"It sounds incredibly disappointing and sad when you bravely share your emotions and don't get the understanding you hoped for. I can truly empathize with how hurtful it must feel to put yourself out there and not be met with the expected support. Please remember that your feelings are valid, and I hope you can find comfort and validation elsewhere.",AI,1.0,1,2,1.6,1.8,1.4,1.6000000000000003,0.0,3
2025-12-02 12:18:09,2025-12-02 12:21:43,0,100,213,1,2025-12-02 12:21:43,R_5qCHaJkUGxdFx2q,,anonymous,EN,1,66a96d2eb81f9cec83fb1bd3,I have just found out my grandmother has ALS,10,10,10,10,10,10,10,10,1,1,10,10,10,10,10,10,10,,100,100,100,,3,1970,1,,2,,"I am so incredibly sorry to hear this devastating news about your grandmother; I can only imagine the profound shock and sadness you must be feeling right now. My heart truly goes out to you and your entire family as you begin to process such a difficult diagnosis. Please know I'm thinking of you and sending all my support, and I'm here for you if you need anything at all during this challenging time.",AI,1.0,1,10,10.0,6.4,10.0,8.799999999999999,100.0,3
2025-12-02 12:16:28,2025-12-02 12:25:58,0,100,570,1,2025-12-02 12:25:59,R_1QFtOyNrzGIp50U,,anonymous,EN,1,67e923d008c9e3479c33f071,,10,10,9,10,10,9,10,10,10,10,10,10,10,10,8,10,10,"Since we became parents, our world has revolved around our child, it's been a minute since we thought about our union. We decided to put ourselves first and we decided to start with renewing our vows. It was the happiest day of my life. Voicing our heartfelt thoughts and experiences to one another was the most heartwarming thing in the whole world. I wouldn't trade that moment for anything. ",100,100,100,12,,27,"1,2",,1,,"It sounds like you experienced such immense happiness and a profound renewal of your bond, which is truly wonderful after focusing so much on your child. I can genuinely feel the joy and warmth you must have shared as you reaffirmed your love and voiced those heartfelt thoughts. It's so inspiring to see you prioritize your union, and I hope this beautiful memory continues to strengthen your connection.",Human,1.0,0,10,9.8,10.0,9.6,9.799999999999999,100.0,12
2025-12-02 12:16:33,2025-12-02 12:29:14,0,100,761,1,2025-12-02 12:29:15,R_6qexkyscACj54ND,,anonymous,EN,1,647df8490516c702020f7d0f,"I recently had someone repair some damage I accidentally made. The cost to take make the repair was outside of my budget and not covered by my insurance, because the deductible is so high. He paid for the whole repair with labor and upgraded features. I wanted to cry. I normally take care of things in my circle. But my current situation does not allow me to. I am so happy that I did not have to wait until I could afford to. ",9,9,9,9,10,10,10,9,10,10,9,9,9,10,7,7,10,,90,90,90,,3,1965,1,,2,,"It sounds like you were in a really stressful and frustrating situation, feeling helpless about a repair you couldn't afford despite usually being the one to handle things. I can only imagine the huge wave of relief and profound gratitude that must have washed over you when someone so generously paid for everything, completely taking that burden off your shoulders. I'm so happy that you received such timely and incredible support when you needed it most, and I hope you continue to feel cared for.",AI,1.0,1,9,9.4,9.4,8.6,9.133333333333333,90.0,3
2025-12-02 12:17:27,2025-12-02 12:29:38,0,100,731,1,2025-12-02 12:29:38,R_1llQYbtcg6PMPEG,,anonymous,EN,1,68c24292ea246856e18fcae4,,9,6,6,8,3,10,8,5,6,8,6,8,8,7,6,8,6,"Anxiety over my financial situation, need to get a second job and can’t find one ",60,50,75,12,,1989,6,Middle eastern ,1,,"It sounds incredibly stressful and disheartening to feel anxious about your financial situation and then face the added frustration of not being able to find a second job. I can only imagine how overwhelming and disheartening that must feel, and I'm truly sorry you're going through such a tough time. I really hope you find the opportunity you need soon and that your financial situation improves.",Human,1.0,1,9,6.2,6.6,7.0,6.6000000000000005,61.666666666666664,12
2025-12-02 12:31:33,2025-12-02 12:37:09,0,100,336,1,2025-12-02 12:37:09,R_7jiTlxAXrdEHCeS,,anonymous,EN,1,65a19c0dba83e56faf3af090,,10,9,10,10,9,10,10,10,10,10,9,10,9,10,9,10,10,I visited a big city and realized how much better off my kids would be there but know I can't really do anything about it. It's both humbling and teary. ,90,100,100,12,,1987,1,,2,,"It sounds incredibly heartbreaking to see such wonderful opportunities for your children and feel like they're out of reach; I can truly feel the sadness and humility in your words. My heart goes out to you as you grapple with such powerful emotions. Please know that your deep love for your kids shines through, and that's an incredible gift in itself.",Human,1.0,1,10,9.6,9.8,9.6,9.666666666666666,96.66666666666667,12
